Individual_ID,StacyLifehistory,Reproductive,countimages,sumlength,Length,sumprojarea,sumsurfarea,Surfacearea,sumavediam,Diameter,sumrtvol,Volume
AKA_50,Tetrasporophyte,Yes,1,72.7461,Y,6.9115,21.7131,Y,0.9501,Y,0.516,Y
AKA_146,Tetrasporophyte,Yes,1,75.6438,Y,8.9969,28.2647,Y,1.1894,Y,0.84,Y
AKA_39,Tetrasporophyte,Yes,2,222.7858,Y,26.281,82.5643,Y,2.365,Y,2.435,Y
AKA_192,Tetrasporophyte,Yes,2,273.2167,Y,28.7183,90.2211,Y,2.0959,Y,2.378,Y
AKA_48,Tetrasporophyte,Yes,3,449.612,Y,44.3445,139.3122,Y,2.9955,Y,3.437,Y
AKA_47A,Tetrasporophyte,Yes,3,514.7655,Y,54.3873,170.8629,Y,3.2353,Y,4.544,Y
AKA_42,Tetrasporophyte,Yes,5,888.8756,Y,98.3574,308.9989,Y,5.538,Y,8.553,Y
AVE_14,Vegetative,No,1,216.8061,N,21.333,67.0195,Y,0.984,N,1.649,N
AVE_36,Vegetative,No,1,295.6092,N,26.0108,81.7153,Y,0.8799,N,1.798,N
AVE_12,Vegetative,No,1,263.9585,N,27.4011,86.083,Y,1.0381,N,2.234,N
AVE_19,Vegetative,No,1,283.3895,N,30.4209,95.5701,Y,1.0735,N,2.565,N
AVE_94,Vegetative,No,1,281.9991,N,44.1147,138.5903,Y,1.5644,N,5.42,N
AVE_07,Vegetative,No,1,362.7181,N,55.3967,174.0339,Y,1.5273,N,6.645,N
AVE_79,Vegetative,No,3,401.386,N,84.8506,266.566,Y,8.2535,N,16.218,N
AVE_86,Vegetative,No,1,472.7517,N,85.5985,268.9156,Y,1.8106,N,12.173,N
AVE_06,Vegetative,No,1,536.983,N,92.1314,289.4393,Y,1.7157,N,12.415,N
AVE_03,Vegetative,No,2,663.077,N,194.5156,611.0889,Y,5.9351,N,44.941,N
BOB_97,Tetrasporophyte,Yes,1,191.0165,N,19.4873,61.2212,Y,1.0202,N,1.561,N
BOB_44,Tetrasporophyte,Yes,1,201.5952,Y,20.8436,65.482,Y,1.0339,N,1.693,N
BOB_48,Tetrasporophyte,Yes,1,259.5691,Y,25.6397,80.5495,Y,0.9878,N,1.989,N
BOB_14,Tetrasporophyte,Yes,1,286.3874,N,36.7393,115.4201,Y,1.2829,N,3.702,N
BOB_55,Tetrasporophyte,Yes,1,409.2168,Y,42.1219,132.3297,Y,1.0293,Y,3.405,Y
BOB_20,Vegetative,No,1,686.3062,N,46.3899,145.7382,Y,0.6759,N,2.463,N
BOB_17,Tetrasporophyte,Yes,1,417.6016,N,50.0352,157.1903,Y,1.1982,N,4.708,N
BOB_02,Tetrasporophyte,Yes,1,615.9556,N,52.6508,165.4074,Y,0.8548,N,3.535,N
BOB_52,Vegetative,No,1,357.305,N,56.5569,177.6786,Y,1.5829,N,7.031,N
BOB_10,Tetrasporophyte,Yes,1,379.1342,N,100.2259,314.869,Y,2.6435,N,20.809,N
BOM_43,Tetrasporophyte,No,1,304.4549,N,26.1458,82.1393,Y,0.8588,N,1.763,N
BOM_04,Tetrasporophyte,No,1,324.1654,N,31.8275,99.9891,Y,0.9818,N,2.454,N
BOM_27,Tetrasporophyte,No,1,428.4201,N,51.6951,162.405,Y,1.2066,N,4.899,N
BOM_46,Tetrasporophyte,Yes,1,490.9822,N,61.7529,194.0026,Y,1.2577,N,6.1,N
BOM_16,Tetrasporophyte,Yes,1,469.3411,N,80.5551,253.0713,Y,1.7163,N,10.859,N
BOM_15,Tetrasporophyte,No,1,362.2911,N,98.1304,308.2858,Y,2.7086,N,20.876,N
BOM_07,Tetrasporophyte,No,3,1154.4925,N,155.151,487.4213,Y,3.9509,N,17.854,N
BOM_09,Tetrasporophyte,No,3,1314.9482,N,166.0455,521.6473,Y,3.7887,N,18.943,N
BOM_13,Tetrasporophyte,No,3,1070.1166,N,193.1113,606.677,Y,5.168,N,31.157,N
BOM_10,Tetrasporophyte,No,4,1409.304,N,239.9656,753.8739,Y,7.0032,N,34.142,N
CFJ_40,Tetrasporophyte,Yes,4,393.0734,Y,28.1515,88.441,Y,2.7977,Y,1.599,Y
CFJ_07,Tetrasporophyte,Yes,5,569.4264,N,36.4874,114.6286,Y,3.1572,N,1.847,N
CFJ_03,Tetrasporophyte,Yes,6,677.1794,Y,36.8117,115.6472,Y,3.2492,Y,1.58,Y
CFJ_67,Tetrasporophyte,Yes,10,748.5637,N,56.1264,176.3257,Y,7.4707,N,3.327,N
CFJ_25,Tetrasporophyte,Yes,9,861.2844,N,59.7076,187.577,Y,6.1993,N,3.297,N
CFJ_32,Tetrasporophyte,Yes,14,1378.0603,N,86.8388,272.8122,N,8.8533,N,4.335,N
CFJ_44,Tetrasporophyte,Yes,12,1203.2331,N,89.4411,280.9877,Y,8.8322,N,5.287,N
CFJ_29,Tetrasporophyte,Yes,13,1521.1125,N,94.6967,297.4981,Y,8.0104,N,4.655,N
CFJ_53,Tetrasporophyte,Yes,15,1636.5003,Y,120.5919,378.8507,Y,11.2421,Y,7.019,Y
CNT_20,Vegetative,No,1,240.2093,Y,20.2871,63.7337,Y,0.8446,Y,1.346,Y
CNT_10,Vegetative,Yes,1,203.5695,N,21.0164,66.025,Y,1.0324,N,1.704,N
CNT_05,Vegetative,No,1,356.7099,N,37.1443,116.6923,Y,1.0413,N,3.038,N
CNT_18,Vegetative,Yes,4,974.0942,N,109.1757,342.9855,Y,4.1131,N,9.859,N
CNT_30,Vegetative,Yes,4,1328.8801,N,162.4662,510.4026,Y,4.8642,N,15.926,N
CNT_65,Vegetative,Yes,6,1883.9338,N,165.3817,519.562,Y,5.2828,N,11.502,N
CNT_26,Vegetative,Yes,6,1885.6584,N,166.3035,522.4578,Y,5.1066,N,11.669,N
CNT_60,Vegetative,Yes,6,2241.2524,N,316.9735,995.8017,Y,8.0131,N,37.087,N
CNT_50,Vegetative,Yes,6,1950.1918,N,322.0106,1011.6264,Y,10.091,N,44.888,N
CNT_59,Vegetative,Yes,10,3735.3234,N,450.3262,1414.7411,Y,11.973,N,45.517,N
DHD_51,Tetrasporophyte,Yes,2,175.483,Y,17.5957,55.2785,Y,1.9793,Y,1.387,Y
DHD_15,Tetrasporophyte,Yes,1,196.8242,N,20.9617,65.853,Y,1.065,N,1.753,N
DHD_29,Tetrasporophyte,Yes,3,318.8571,N,28.0208,88.0298,Y,2.6772,N,1.949,N
DHD_18,Tetrasporophyte,Yes,1,226.005,N,28.842,90.6097,Y,1.2762,N,2.891,N
DHD_90,Tetrasporophyte,Yes,1,289.0421,Y,31.5002,98.9609,Y,1.0898,Y,2.696,Y
DHD_22,Tetrasporophyte,Yes,2,299.2527,N,32.4595,101.9746,Y,2.1799,N,2.771,N
DHD_39,Tetrasporophyte,Yes,2,535.8116,Y,55.8907,175.5858,Y,2.0705,Y,4.609,Y
DHD_97,Tetrasporophyte,Yes,3,855.1214,N,61.384,192.8433,Y,2.1663,N,3.517,N
DHD_78,Tetrasporophyte,Yes,3,737.3709,N,77.5107,243.5071,Y,3.0992,N,6.452,N
DHD_82,Tetrasporophyte,Yes,6,1134.7786,N,96.2256,302.3017,Y,5.1783,N,6.564,N
DHD_85,Tetrasporophyte,Yes,7,1094.2546,Y,99.3858,312.2299,Y,6.3309,Y,7.122,Y
DHH_36,Tetrasporophyte,No,1,143.8553,Y,10.6602,33.4901,Y,0.741,Y,0.62,Y
DHH_82,Tetrasporophyte,No,2,535.9592,Y,31.8557,100.0775,Y,1.1882,Y,1.487,Y
DHH_97,Tetrasporophyte,No,5,1096.5013,N,71.6101,224.9699,Y,3.1822,N,3.685,N
DHH_17,Tetrasporophyte,No,4,1016.9489,N,72.8483,228.8597,Y,2.8327,N,4.137,N
DHH_72,Tetrasporophyte,No,5,1332.1363,N,95.5625,300.2183,Y,3.4796,N,5.416,N
DHH_94,Tetrasporophyte,No,5,1203.0547,N,97.6594,306.806,Y,4.1962,N,6.266,N
DHH_29,Tetrasporophyte,No,3,1447.5934,N,121.3552,381.2487,Y,2.5147,N,7.99,N
DHH_43,Tetrasporophyte,No,4,2048.3448,N,154.7308,486.1012,Y,2.9795,N,9.203,N
DHH_34,Tetrasporophyte,No,8,3243.3642,N,243.6596,765.4793,Y,6.0591,N,14.465,N
DHH_92,Tetrasporophyte,No,8,3441.6352,N,268.0777,842.1908,Y,6.2292,N,16.499,N
DKM_78,Tetrasporophyte,Yes,2,428.2749,Y,32.4326,101.8898,Y,1.5126,Y,1.929,Y
DKM_48,Tetrasporophyte,Yes,3,695.4953,Y,51.3112,161.1992,Y,2.2016,Y,2.984,Y
DKM_UNK_82,Tetrasporophyte,Yes,3,589.5741,Y,55.0075,172.8111,Y,2.7772,Y,4.047,Y
DKM_94,Vegetative,No,7,913.0967,Y,68.6212,215.5795,Y,5.2417,Y,4.07,Y
DKM_22,Tetrasporophyte,Yes,6,1032.3341,N,68.8108,216.1755,Y,4.0041,N,3.621,N
DKM_63,Tetrasporophyte,Yes,5,1034.251,Y,82.5497,259.3375,Y,3.9382,Y,5.196,Y
DKM_34,Vegetative,No,10,1951.2018,N,139.9978,439.8161,Y,7.1696,N,7.93,N
DKM_44,Tetrasporophyte,Yes,9,2235.9507,N,175.2679,550.6205,Y,6.933,N,10.883,N
DKM_29,Vegetative,No,5,2163.1721,N,189.7844,596.2253,Y,4.3188,N,13.196,N
DKM_90,Tetrasporophyte,Yes,11,3427.6056,N,236.9836,744.5059,Y,7.4725,N,12.99,N
DNS_02,Vegetative,No,1,60.4572,N,3.8258,12.0192,N,0.6328,N,0.19,N
DNS_20,Vegetative,No,1,245.714,N,18.3315,57.59,Y,0.746,N,1.074,N
DNS_96,Vegetative,No,1,458.9458,Y,26.9811,84.7636,Y,0.5879,Y,1.246,Y
DNS_62,Tetrasporophyte,Yes,5,654.1356,N,45.1207,141.7506,N,3.434,N,2.453,N
DNS_15,Vegetative,No,2,682.9889,Y,46.9675,147.5527,Y,1.3904,Y,2.538,Y
DNS_44,Tetrasporophyte,Yes,5,830.0321,Y,70.6326,221.8989,Y,4.502,Y,4.773,Y
DNS_59,Tetrasporophyte,Yes,7,1453.1691,Y,106.9223,335.9064,Y,5.0729,Y,6.214,Y
DNS_40,Tetrasporophyte,Yes,14,2574.4201,Y,172.6659,542.4465,Y,9.3769,Y,9.109,Y
DNS_53,Tetrasporophyte,Yes,23,2382.2985,N,192.068,603.3995,Y,18.5153,N,12.262,N
EBP_16,Vegetative,No,2,306.3563,Y,21.0621,66.1685,Y,1.4076,Y,1.144,Y
EBP_63,Tetrasporophyte,No,2,274.8485,Y,22.7005,71.3159,Y,1.6613,Y,1.48,Y
EBP_14,Vegetative,No,2,442.2463,Y,27.1708,85.3596,Y,1.2341,Y,1.315,Y
EBP_47,Tetrasporophyte,Yes,3,411.0057,Y,31.7149,99.6353,Y,2.3104,Y,1.925,Y
EBP_29,Vegetative,No,3,458.8888,Y,32.9097,103.3889,Y,2.1473,Y,1.857,Y
EBP_51,Vegetative,No,2,540.7293,Y,33.4774,105.1723,Y,1.2342,Y,1.628,Y
EBP_70,Tetrasporophyte,No,2,573.1914,Y,35.4383,111.3327,Y,1.2381,Y,1.721,Y
EBP_22,Vegetative,No,3,675.0486,Y,45.5197,143.0043,Y,2.0179,Y,2.411,Y
EBP_11,Vegetative,No,4,810.2741,Y,52.0197,163.4249,Y,2.5704,Y,2.63,Y
EBP_53,Tetrasporophyte,Yes,12,1553.7187,Y,150.2869,472.1405,Y,11.8538,Y,11.47,Y
EHS_43,Tetrasporophyte,Yes,1,67.7196,Y,5.5409,17.4073,Y,0.8182,N,0.356,Y
EHS_80,Tetrasporophyte,Yes,1,63.5894,N,6.9555,21.8514,Y,1.0938,N,0.598,N
EHS_27,Tetrasporophyte,Yes,1,97.6443,N,14.2407,44.7386,Y,1.4584,N,1.631,N
EHS_68,Tetrasporophyte,Yes,1,158.4125,Y,16.5047,51.8512,Y,1.0419,Y,1.351,Y
EHS_59,Tetrasporophyte,Yes,1,206.4998,N,16.7443,52.6039,Y,0.8109,N,1.066,N
EHS_38,Tetrasporophyte,Yes,1,154.8678,Y,17.0924,53.6973,Y,1.1037,Y,1.482,Y
EHS_23,Tetrasporophyte,Yes,1,223.7291,N,23.7048,74.4708,Y,1.0595,N,1.973,N
EHS_85,Tetrasporophyte,Yes,1,392.6373,N,35.7407,112.2828,Y,0.9103,N,2.555,N
EHS_47,Tetrasporophyte,Yes,1,301.7939,N,38.8065,121.9143,Y,1.2859,N,3.919,N
EHS_64,Tetrasporophyte,Yes,1,397.8068,N,49.771,156.3601,Y,1.2511,N,4.891,N
ELD_69,Tetrasporophyte,No,1,254.0055,N,37.0111,116.2737,Y,1.4571,N,4.236,N
ELD_44,Tetrasporophyte,No,1,376.4181,N,47.207,148.305,Y,1.2541,N,4.65,N
ELD_33,Tetrasporophyte,No,1,433.5491,N,48.9363,153.7378,Y,1.1287,N,4.338,N
ELD_62,Tetrasporophyte,No,3,749.657,Y,65.631,206.1859,Y,2.5885,Y,4.527,Y
ELD_17,Tetrasporophyte,No,2,591.453,N,77.787,244.3752,Y,2.6167,N,8.044,N
ELD_70,Tetrasporophyte,No,3,1040.4919,N,120.7931,379.4826,Y,3.409,N,11.141,N
ELD_39,Tetrasporophyte,No,3,1078.9523,Y,122.9819,386.359,Y,3.5416,N,11.466,N
ELD_36,Tetrasporophyte,No,3,858.1569,N,131.2294,412.2693,Y,4.6259,N,16.374,N
ELD_26,Tetrasporophyte,No,3,749.6569,N,132.6433,416.7111,Y,5.8115,N,20.911,N
ELD_19,Tetrasporophyte,No,3,1054.8948,N,221.2079,694.9454,Y,6.461,N,37.482,N
FAR_84,Tetrasporophyte,No,1,56.2824,N,4.0432,12.7021,Y,0.7184,N,0.228,N
FAR_23,Tetrasporophyte,No,1,69.326,N,4.759,14.9509,Y,0.6865,N,0.257,N
FAR_58,Tetrasporophyte,No,1,68.0313,Y,5.139,16.1445,Y,0.7554,Y,0.305,Y
FAR_50,Tetrasporophyte,No,1,63.4554,Y,5.2553,16.5102,Y,0.8282,Y,0.342,Y
FAR_11,Tetrasporophyte,No,1,65.5545,N,6.2801,19.7296,Y,0.958,N,0.473,N
FAR_60,Tetrasporophyte,No,1,73.027,Y,6.376,20.0307,Y,0.8731,Y,0.437,Y
FAR_85,Tetrasporophyte,No,1,82.3952,N,6.4196,20.1677,Y,0.7791,N,0.393,N
FAR_82,Tetrasporophyte,No,1,80.7984,N,8.9743,28.1935,Y,1.1107,N,0.783,N
FAR_37,Tetrasporophyte,No,1,105.3453,N,10.5662,33.1947,Y,1.003,N,0.832,N
FAR_74,Tetrasporophyte,No,1,140.7847,N,11.6571,36.6218,Y,0.828,N,0.758,N
FAR_02,Tetrasporophyte,No,1,167.3357,N,14.56,45.7416,Y,0.8701,N,0.995,N
FDM_52,Tetrasporophyte,No,1,71.7415,N,10.4835,32.9348,Y,1.4613,N,1.203,N
FDM_95,Tetrasporophyte,No,1,129.4819,N,12.0883,37.9765,Y,0.9336,N,0.886,N
FDM_100,Tetrasporophyte,No,1,161.5797,Y,13.5726,42.6395,Y,0.84,Y,0.895,Y
FDM_82,Tetrasporophyte,No,1,170.0889,N,20.5403,64.5291,Y,1.2076,N,1.948,N
FDM_01,Tetrasporophyte,No,1,173.0272,N,21.9874,69.0755,Y,1.2707,N,2.194,N
FDM_41,Tetrasporophyte,No,1,143.8811,N,27.1119,85.1745,Y,1.8843,N,4.012,N
FDM_85,Tetrasporophyte,No,1,243.0986,N,27.5538,86.5628,Y,1.1334,N,2.453,N
FDM_65,Tetrasporophyte,No,1,300.7895,N,33.0115,103.7088,Y,1.0975,N,2.846,N
FDM_37,Tetrasporophyte,No,1,211.5464,N,35.7564,112.332,Y,1.6902,N,4.747,N
FDM_40,Tetrasporophyte,No,1,152.1238,N,37.068,116.4525,Y,2.4367,N,7.094,N
FDM_32,Tetrasporophyte,No,1,173.0162,N,48.483,152.3138,Y,2.8022,N,10.67,N
FDM_23,Tetrasporophyte,No,1,180.7781,N,49.5884,155.7866,Y,2.7431,N,10.683,N
FLF_96,Tetrasporophyte,No,1,60.0427,Y,5.8585,18.405,Y,0.9757,Y,0.449,Y
FLF_87,Tetrasporophyte,Yes,1,91.2294,Y,7.9525,24.9835,Y,0.8717,Y,0.544,Y
FLF_63,Tetrasporophyte,No,1,109.0631,Y,9.615,30.2064,Y,0.8816,Y,0.666,Y
FLF_45,Tetrasporophyte,Yes,1,129.3717,Y,10.0467,31.5626,Y,0.7766,Y,0.613,Y
FLF_55,Tetrasporophyte,No,1,47.2355,N,11.2248,35.2638,Y,2.3764,N,2.095,N
FLF_05,Tetrasporophyte,No,1,172.4009,N,21.0656,66.1795,Y,1.2219,N,2.022,N
FLF_59,Tetrasporophyte,No,1,166.8834,N,23.9583,75.2671,Y,1.4356,N,2.701,N
FLF_16,Tetrasporophyte,Yes,1,200.9135,N,24.5523,77.1335,Y,1.222,N,2.356,N
FLF_47,Tetrasporophyte,Yes,1,211.2103,N,33.044,103.8107,Y,1.5645,N,4.06,N
FLF_08,Tetrasporophyte,No,1,277.4523,N,50.0723,157.3069,Y,1.8047,N,7.097,N
FPA_36,Tetrasporophyte,No,1,123.9217,N,10.6002,33.3016,Y,0.8554,N,0.712,N
FPA_28,Tetrasporophyte,No,1,183.7576,N,12.2177,38.3831,Y,0.6649,N,0.638,N
FPA_67,Tetrasporophyte,No,1,177.6476,N,14.3444,45.0643,Y,0.8075,N,0.91,N
FPA_43,Tetrasporophyte,No,1,218.3086,N,14.8366,46.6105,Y,0.6796,N,0.792,N
FPA_73,Tetrasporophyte,No,1,159.9366,N,17.1544,53.8921,Y,1.0726,N,1.445,N
FPA_03,Tetrasporophyte,No,1,264.6342,N,18.61,58.4649,Y,0.7032,N,1.028,N
FPA_58,Tetrasporophyte,No,1,210.5857,N,18.89,59.3447,Y,0.897,N,1.331,N
FPA_18,Tetrasporophyte,No,1,344.07,N,21.9295,68.8935,Y,0.6374,N,1.098,N
FPA_75,Tetrasporophyte,No,1,233.4185,N,32.8662,103.2523,Y,1.408,N,3.635,N
FPA_76,Tetrasporophyte,No,2,617.3687,N,92.7445,291.3656,Y,3.012,N,10.949,N
FPL_10,Tetrasporophyte,No,1,77.3554,Y,6.5766,20.6611,Y,0.8502,Y,0.439,Y
FPL_25,Tetrasporophyte,No,1,63.9087,N,8.3568,26.2536,Y,1.3076,N,0.858,N
FPL_17,Tetrasporophyte,No,1,70.218,N,9.4716,29.7558,Y,1.3489,N,1.003,N
FPL_89,Tetrasporophyte,No,1,50.9511,N,9.6204,30.2233,Y,1.8882,N,1.427,N
FPL_55,Tetrasporophyte,No,1,106.4051,N,15.3459,48.2105,Y,1.4422,N,1.738,N
FPL_98,Tetrasporophyte,No,1,36.198,N,17.3257,54.4303,Y,4.7864,N,6.513,N
FPL_31,Tetrasporophyte,No,1,137.2442,N,22.7215,71.3817,Y,1.6556,N,2.954,N
FPL_79,Tetrasporophyte,No,1,118.5736,N,23.3109,73.2334,Y,1.9659,N,3.599,N
FPL_41,Tetrasporophyte,No,1,108.6548,N,24.3706,76.5624,Y,2.2429,N,4.293,N
FPL_53,Tetrasporophyte,No,1,131.3012,N,25.0704,78.7609,Y,1.9094,N,3.76,N
FTR_61,Tetrasporophyte,Yes,1,79.9797,Y,4.6979,14.7588,Y,0.5874,Y,0.217,Y
FTR_08,Vegetative,No,1,146.2174,Y,8.578,26.9486,Y,0.5867,Y,0.395,Y
FTR_83,Vegetative,No,1,125.3319,Y,9.2316,29.0018,Y,0.7366,Y,0.534,Y
FTR_85,Tetrasporophyte,Yes,1,173.8132,Y,10.1993,32.0421,Y,0.5868,Y,0.47,Y
FTR_46,Vegetative,No,1,184.2688,N,16.2623,51.0896,Y,0.8825,N,1.127,Y
FTR_34,Tetrasporophyte,Yes,1,223.7016,Y,17.7803,55.8585,Y,0.7948,Y,1.11,Y
FTR_87,Tetrasporophyte,Yes,2,374.2897,Y,24.1147,75.7585,Y,1.3109,Y,1.227,Y
FTR_40,Vegetative,No,1,453.1387,Y,37.6768,118.3653,Y,0.8315,Y,2.46,Y
FTR_88,Tetrasporophyte,Yes,2,809.3621,Y,61.1616,192.1446,Y,1.5041,Y,3.636,Y
FTR_05,Vegetative,No,2,775.1787,N,63.3815,199.1189,Y,1.5754,N,4.142,N
FUT_04,Vegetative,No,1,94.4921,Y,7.0171,22.0449,Y,0.7426,Y,0.409,Y
FUT_30,Vegetative,No,1,92.4121,Y,8.9117,27.997,Y,0.9643,Y,0.675,Y
FUT_12,Vegetative,No,1,112.4653,Y,10.3547,32.5302,Y,0.9207,Y,0.749,Y
FUT_19,Tetrasporophyte,Yes,1,95.8038,Y,10.8494,34.0843,Y,1.1325,Y,0.965,Y
FUT_38,Tetrasporophyte,Yes,2,194.3654,Y,19.4728,61.1757,Y,2.0107,Y,1.532,Y
FUT_20,Tetrasporophyte,Yes,1,244.8466,Y,28.6188,89.9088,Y,1.1688,Y,2.627,Y
FUT_32,Vegetative,No,2,312.743,Y,30.2404,95.003,Y,1.9446,Y,2.304,Y
FUT_31,Vegetative,No,4,420.2383,Y,48.7837,153.2586,Y,4.6397,Y,4.449,Y
FUT_56,Tetrasporophyte,Yes,4,495.674,Y,51.5633,161.9912,Y,4.1617,Y,4.212,Y
FUT_65,Tetrasporophyte,Yes,5,676.3882,Y,76.2025,239.3972,Y,5.5632,Y,6.796,Y
GAL_98,Vegetative,No,1,138.7359,Y,12.4558,39.131,Y,0.8978,Y,0.878,Y
GAL_91,Vegetative,No,1,127.9,N,15.2145,47.7976,Y,1.1896,N,1.421,N
GAL_28,Vegetative,No,1,183.0232,N,16.8255,52.8587,Y,0.9193,N,1.215,N
GAL_69,Vegetative,No,1,174.0663,N,20.8792,65.5941,Y,1.1995,N,1.967,N
GAL_68,Vegetative,No,1,143.031,N,24.9624,78.4218,Y,1.7452,N,3.422,N
GAL_73,Vegetative,No,1,255.04,N,40.5808,127.4883,Y,1.5912,N,5.071,N
GAL_54,Vegetative,No,1,161.9326,N,47.2388,148.4051,Y,2.9172,N,10.823,N
GAL_63,Vegetative,No,1,356.7851,N,49.9706,156.9872,Y,1.4006,N,5.497,N
GAL_78,Vegetative,No,1,338.4151,N,60.609,190.4088,Y,1.791,N,8.525,N
GAL_41,Vegetative,No,1,138.7114,N,88.3751,277.6385,Y,6.3711,N,44.222,N
GRB_83,Tetrasporophyte,No,1,165.3064,Y,14.1882,44.5737,Y,0.8583,Y,0.956,Y
GRB_93,Tetrasporophyte,No,1,239.4872,N,26.5688,83.4683,Y,1.1094,N,2.315,N
GRB_48,Tetrasporophyte,No,1,218.4076,N,47.5883,149.5029,Y,2.1789,N,8.144,N
GRB_59,Tetrasporophyte,No,1,534.6066,N,54.0261,169.728,Y,1.0106,N,4.288,N
GRB_88,Tetrasporophyte,No,1,441.6943,N,73.8885,232.1277,Y,1.6728,N,9.708,N
GRB_79,Tetrasporophyte,No,1,211.1259,N,76.9261,241.6704,Y,3.6436,N,22.014,N
GRB_98,Tetrasporophyte,No,1,252.3402,N,89.6549,281.6591,Y,3.5529,N,25.018,N
GRB_44,Tetrasporophyte,No,1,369.9204,N,91.9418,288.8437,Y,2.4854,N,17.948,N
GRB_25,Tetrasporophyte,No,1,329.6039,N,105.1386,330.3027,Y,3.1898,N,26.34,N
GRB_72,Tetrasporophyte,No,3,1053.8515,N,108.3537,340.4033,Y,3.0669,N,8.81,N
HAY_116,Tetrasporophyte,Yes,1,77.9862,Y,5.1264,16.1052,Y,0.6574,Y,0.265,Y
HAY_166,Tetrasporophyte,Yes,1,133.3879,Y,7.6394,23.9999,Y,0.5727,Y,0.344,Y
HAY_125,Tetrasporophyte,Yes,2,182.5483,Y,11.7361,36.8702,Y,1.2873,Y,0.593,Y
HAY_171,Tetrasporophyte,Yes,2,356.6727,Y,20.0188,62.8911,Y,1.1217,Y,0.882,Y
HAY_137,Tetrasporophyte,Yes,2,314.9073,Y,20.5199,64.4652,Y,1.3072,Y,1.051,Y
HAY_147,Tetrasporophyte,Yes,3,547.7593,N,29.3554,92.2226,Y,1.6162,N,1.239,N
HAY_140,Tetrasporophyte,Yes,3,576.4728,Y,32.8011,103.0477,Y,1.7083,Y,1.468,Y
HAY_135,Tetrasporophyte,Yes,3,599.9624,Y,39.7516,124.8831,Y,5.0438,Y,2.689,Y
HAY_163,Tetrasporophyte,Yes,4,707.3796,N,42.72,134.2089,Y,2.391,N,2.034,N
HAY_169,Tetrasporophyte,Yes,4,1040.9117,N,63.543,199.6264,Y,2.4357,N,3.082,N
HIK_184,Vegetative,Yes,2,335.9674,Y,25.2984,79.4773,Y,1.4974,Y,1.498,Y
HIK_151,Vegetative,Yes,2,538.3122,Y,37.3424,117.3145,Y,1.3952,Y,2.036,Y
HIK_188,Vegetative,Yes,2,669.9126,Y,43.1949,135.7005,Y,1.2985,Y,2.189,Y
HIK_185,Vegetative,Yes,3,664.1354,Y,50.9974,160.213,Y,2.3046,Y,3.078,Y
HIK_176,Vegetative,Yes,3,765.1126,Y,57.0887,179.3492,Y,2.2521,Y,3.36,Y
HIK_114,Vegetative,Yes,6,1027.45,Y,88.9257,279.3683,Y,4.1588,Y,6.274,Y
KAE_150,Vegetative,No,1,274.5782,Y,15.6129,49.0494,Y,0.5686,Y,0.697,Y
KAE_191,Tetrasporophyte,Yes,2,374.8624,Y,22.2083,69.7695,Y,1.1772,Y,1.036,Y
KAE_195,Tetrasporophyte,Yes,2,326.6109,Y,22.3627,70.2546,Y,1.3979,Y,1.227,Y
KAE_198,Tetrasporophyte,Yes,3,492.6464,Y,33.869,106.4027,Y,2.032,Y,1.844,Y
KAE_186,Vegetative,No,2,640.1424,Y,35.2734,110.8145,Y,1.1027,Y,1.526,Y
KAE_125,Vegetative,No,5,734.4276,Y,41.3181,129.8043,Y,2.5262,Y,1.856,Y
KAE_193,Tetrasporophyte,Yes,4,754.6472,Y,42.5836,133.7806,Y,2.257,Y,1.888,Y
KAE_115,Tetrasporophyte,Yes,3,858.3566,Y,50.1876,157.6688,Y,1.7699,Y,2.308,Y
KAE_197,Vegetative,No,3,928.8863,Y,63.4573,199.3571,Y,2.0574,Y,3.408,Y
KAE_162,Vegetative,No,6,1161.8385,Y,63.8017,200.439,Y,3.2866,Y,2.761,Y
LHP_75,Tetrasporophyte,Yes,1,182.9598,N,16.0485,50.4178,Y,0.8772,N,1.106,N
LHP_82,Tetrasporophyte,Yes,1,265.5023,N,24.7814,77.8531,Y,0.9334,N,1.817,N
LHP_79,Tetrasporophyte,Yes,1,280.3769,N,27.2099,85.4826,Y,0.9705,N,2.074,N
LHP_81,Tetrasporophyte,Yes,1,270.6322,N,27.5002,86.3943,Y,1.0161,N,2.195,N
LHP_47,Tetrasporophyte,Yes,1,363.113,N,38.3591,120.5087,Y,1.0564,N,3.183,N
LHP_14,Tetrasporophyte,Yes,1,395.4078,N,40.3549,126.7785,Y,1.0206,N,3.235,N
LHP_63,Tetrasporophyte,Yes,1,398.8567,N,52.3005,164.307,Y,1.3113,N,5.386,N
LHP_94,Vegetative,No,1,303.7811,N,59.675,187.4745,Y,1.9644,N,9.207,N
LHP_83,Tetrasporophyte,Yes,1,469.2071,N,70.2932,220.8327,Y,1.4981,N,8.271,N
LHP_90,Tetrasporophyte,Yes,3,953.1692,N,90.1965,283.3606,Y,2.6874,N,6.847,N
LHP_68,Tetrasporophyte,Yes,4,1269.3999,N,145.6701,457.6361,Y,4.5791,N,13.183,N
MNG_150,Tetrasporophyte,Yes,2,198.7964,N,11.3725,35.7275,N,1.1425,N,0.511,N
MNG_125,Tetrasporophyte,Yes,3,296.0063,N,18.0254,56.6287,Y,1.8249,N,0.862,N
MNG_113,Tetrasporophyte,Yes,3,324.8383,N,20.4292,64.18,Y,1.8503,N,1.017,N
MNG_129,Tetrasporophyte,Yes,3,403.7785,N,24.362,76.5352,Y,1.7794,N,1.159,N
MNG_124,Tetrasporophyte,Yes,3,375.8415,Y,24.8917,78.1998,Y,1.9744,Y,1.298,Y
MNG_108,Tetrasporophyte,Yes,3,413.541,Y,29.9924,94.224,Y,2.2058,Y,1.72,Y
MNG_133,Tetrasporophyte,Yes,4,544.9313,N,34.1944,107.4248,Y,2.5026,N,1.69,N
MNG_146,Vegetative,No,4,535.5399,N,35.5245,111.6035,Y,2.6244,N,1.876,N
MNG_127,Tetrasporophyte,Yes,4,577.2069,Y,40.1617,126.1719,Y,2.7997,Y,2.199,Y
MNG_159,Tetrasporophyte,Yes,5,758.4616,Y,56.1534,176.4111,Y,3.6499,Y,3.284,Y
MOU_85,Vegetative,No,1,153.368,Y,10.4901,32.9555,Y,0.684,Y,0.564,Y
MOU_95,Vegetative,No,1,164.5252,Y,14.0694,44.2002,Y,0.8551,Y,0.945,Y
MOU_62,Vegetative,No,1,230.145,Y,16.8348,52.888,Y,0.7315,Y,0.967,Y
MOU_20,Vegetative,No,2,277.4246,Y,20.1536,63.3143,Y,1.4599,Y,1.151,Y
MOU_12,Vegetative,No,3,724.9522,Y,43.146,135.5471,Y,1.782,Y,2.017,Y
MOU_01,Vegetative,No,2,526.4255,Y,46.0805,144.7662,Y,1.7532,Y,3.169,Y
MOU_100,Vegetative,No,3,770.5273,Y,54.4694,171.1204,Y,2.1154,Y,3.041,Y
MOU_03,Vegetative,No,2,622.3569,N,57.4546,180.4991,Y,1.8465,N,4.166,N
MOU_07,Vegetative,No,4,1052.2194,Y,78.6516,247.0913,Y,2.9557,Y,4.631,Y
MOU_30,Vegetative,No,5,1177.7186,N,83.039,260.8746,Y,3.5304,N,4.602,N
NYC_55,Tetrasporophyte,Yes,1,171.1489,Y,9.6679,30.3726,Y,0.5649,Y,0.429,Y
NYC_44,Tetrasporophyte,Yes,1,265.9889,N,28.6289,89.9403,Y,1.0763,N,2.42,N
NYC_32,Tetrasporophyte,Yes,1,357.2758,N,38.5282,121.04,Y,1.0784,N,3.263,N
NYC_27,Tetrasporophyte,Yes,1,343.6043,N,39.1264,122.9193,Y,1.1387,N,3.499,N
NYC_19,Tetrasporophyte,Yes,3,577.2595,N,57.7729,181.499,Y,2.997,N,4.562,N
NYC_40,Tetrasporophyte,Yes,3,745.176,Y,58.3777,183.3991,Y,2.1797,Y,3.662,Y
NYC_83,Tetrasporophyte,Yes,1,348.72,N,59.4132,186.6521,Y,1.7038,N,7.95,N
NYC_25,Tetrasporophyte,Yes,2,793.9598,N,84.4945,265.4472,Y,2.1608,N,7.637,N
NYC_65,Tetrasporophyte,Yes,4,1183.7581,N,113.1803,355.5667,Y,3.8217,N,8.503,N
NYC_12,Vegetative,No,3,1109.6705,N,121.3628,381.2725,Y,3.2416,N,10.482,N
OSH_99,Tetrasporophyte,Yes,1,178.1019,N,14.0539,44.1517,Y,0.7891,N,0.871,N
OSH_38,Tetrasporophyte,Yes,1,162.9079,N,14.6907,46.1521,Y,0.9018,N,1.04,N
OSH_25,Tetrasporophyte,Yes,1,213.763,N,22.6712,71.2238,Y,1.0606,N,1.888,N
OSH_56,Tetrasporophyte,Yes,1,256.2191,N,28.175,88.5144,Y,1.0996,N,2.433,N
OSH_52,Tetrasporophyte,Yes,1,365.3089,Y,29.532,92.7775,Y,0.8084,Y,1.875,Y
OSH_78,Tetrasporophyte,No,1,545.5942,N,35.5012,111.5303,Y,0.6507,N,1.814,N
OSH_11,Tetrasporophyte,No,1,282.3567,N,39.9259,125.4309,Y,1.414,N,4.434,N
OSH_36,Tetrasporophyte,Yes,1,618.1774,N,62.7446,197.1181,Y,1.015,N,5.002,N
OSH_85,Tetrasporophyte,No,1,1125.847,N,91.9967,289.0161,Y,0.8171,N,5.904,N
PMO_31,Tetrasporophyte,No,1,67.4615,N,9.3152,29.2647,Y,1.3808,N,1.01,N
PMO_15,Tetrasporophyte,No,1,84.2706,N,11.7059,36.7751,Y,1.3891,N,1.277,N
PMO_61,Tetrasporophyte,No,1,50.2372,N,11.7224,36.827,Y,2.3334,N,2.148,N
PMO_26,Tetrasporophyte,No,1,92.4276,N,15.524,48.7701,Y,1.6796,N,2.048,N
PMO_92,Tetrasporophyte,No,1,49.4458,N,17.6227,55.3633,Y,3.564,N,4.933,N
PMO_52,Tetrasporophyte,No,1,84.6032,N,23.4077,73.5376,Y,2.7668,N,5.087,N
PMO_59,Tetrasporophyte,No,1,237.5428,N,27.6197,86.77,Y,1.1627,N,2.522,N
PMO_93,Tetrasporophyte,No,1,82.1973,N,29.2425,91.868,Y,3.5576,N,8.171,N
PMO_01,Tetrasporophyte,No,1,264.9998,N,38.444,120.7753,Y,1.4507,N,4.38,N
PMO_78,Tetrasporophyte,No,1,147.0065,N,46.9155,147.3894,Y,3.1914,N,11.759,N
PTW_12,Tetrasporophyte,No,1,265.5873,N,51.6941,162.4017,Y,1.9464,N,7.902,N
PTW_56,Tetrasporophyte,No,1,340.4476,N,64.4892,202.5988,Y,1.8942,N,9.594,N
PTW_36,Tetrasporophyte,No,1,273.221,N,73.4378,230.7117,Y,2.6879,N,15.503,N
PTW_39,Tetrasporophyte,No,2,683.7851,N,85.5793,268.8552,Y,2.5179,N,8.422,N
PTW_28,Tetrasporophyte,No,1,60.281,N,89.3168,280.5969,Y,14.8168,N,103.938,N
PTW_25,Tetrasporophyte,No,3,957.2344,N,162.9599,511.9536,Y,5.0602,N,22.059,N
PTW_69,Tetrasporophyte,No,3,950.1182,N,180.1448,565.9418,Y,5.8467,N,27.471,N
PTW_54,Tetrasporophyte,No,3,850.0384,N,185.8933,584.0011,Y,6.658,N,35.042,N
PTW_59,Tetrasporophyte,No,2,435.2258,N,189.0904,594.0451,Y,12.2583,N,105.548,N
PTW_11,Tetrasporophyte,No,7,2394.0809,N,433.8244,1362.9,Y,12.726,N,70.827,N
RIS_15B,Tetrasporophyte,Yes,1,142.4337,Y,8.8679,27.8592,Y,0.6226,Y,0.434,Y
RIS_06,Tetrasporophyte,Yes,1,242.8735,Y,15.1401,47.564,Y,0.6234,Y,0.741,Y
RIS_02,Tetrasporophyte,Yes,1,289.0165,Y,16.5686,52.0518,Y,0.5733,N,0.746,N
RIS_48,Tetrasporophyte,Yes,1,369.8648,N,20.7455,65.1739,Y,0.5609,N,0.914,N
RIS_10,Tetrasporophyte,Yes,1,304.2284,Y,21.4771,67.4722,Y,0.706,N,1.191,Y
RIS_78,Tetrasporophyte,Yes,1,260.7229,N,27.1987,85.4473,Y,1.0432,N,2.228,Y
RIS_03,Tetrasporophyte,Yes,1,510.8554,N,41.1706,129.3413,Y,0.8059,N,2.606,N
RIS_98,Tetrasporophyte,Yes,1,624.6944,N,81.5874,256.3144,Y,1.306,N,8.369,N
RIS_95,Tetrasporophyte,Yes,1,699.4289,N,82.4635,259.0668,Y,1.179,N,7.636,N
RIS_39,Tetrasporophyte,Yes,1,660.8415,N,84.4045,265.1645,Y,1.2772,N,8.467,N
SAV_77,Tetrasporophyte,No,2,143.1419,Y,10.8744,34.1629,Y,1.5171,Y,0.649,Y
SAV_55,Tetrasporophyte,No,2,213.8439,Y,15.495,48.6792,Y,1.4531,Y,0.883,Y
SAV_70,Tetrasporophyte,No,1,184.5016,Y,17.2544,54.2061,Y,0.9352,Y,1.267,Y
SAV_18,Tetrasporophyte,No,2,302.091,Y,22.9402,72.0688,Y,1.529,Y,1.368,Y
SAV_24,Tetrasporophyte,No,3,340.7978,Y,26.966,84.7162,Y,2.3677,Y,1.676,Y
SAV_48,Tetrasporophyte,No,4,365.4818,Y,29.4726,92.591,Y,3.2631,Y,1.87,Y
SAV_57,Tetrasporophyte,Yes,4,354.6001,Y,30.5361,95.9321,Y,3.3733,Y,2.068,Y
SAV_11,Tetrasporophyte,No,4,517.6421,Y,37.5532,117.9768,Y,2.9331,Y,2.145,Y
SAV_26,Tetrasporophyte,No,5,505.9789,Y,41.9617,131.8266,Y,4.0751,Y,2.743,Y
SAV_43,Tetrasporophyte,No,5,814.5565,Y,66.0271,207.43,Y,4.0749,Y,4.207,Y
SHI_27,Tetrasporophyte,Yes,1,139.4469,Y,9.2757,29.1405,Y,0.6652,Y,0.485,Y
SHI_42,Vegetative,No,1,147.9967,Y,9.9627,31.2989,Y,0.6732,Y,0.527,Y
SHI_41,Tetrasporophyte,Yes,2,184.886,Y,14.8923,46.7855,Y,1.6474,Y,0.945,Y
SHI_54,Vegetative,No,1,193.5866,Y,16.3475,51.3571,Y,0.8445,Y,1.084,Y
SHI_58,Tetrasporophyte,Yes,2,278.7426,Y,21.0345,66.0818,Y,1.5129,Y,1.251,Y
SHI_07,Tetrasporophyte,Yes,2,325.375,Y,22.1325,69.5312,Y,1.3606,Y,1.182,Y
SHI_51,Tetrasporophyte,Yes,2,340.5973,Y,23.9312,75.1822,Y,1.3969,Y,1.325,Y
SHI_67,Vegetative,No,3,337.8884,Y,26.2807,82.5633,Y,2.3567,Y,1.61,Y
SHI_01,Vegetative,No,2,271.2457,Y,29.4789,92.6106,Y,2.1921,Y,2.521,Y
SHI_87,Vegetative,No,3,424.9855,Y,34.7575,109.1939,Y,2.4529,Y,2.234,Y
SHK_30,Tetrasporophyte,Yes,1,93.6487,N,6.4921,20.3954,Y,0.6932,N,0.353,N
SHK_70,Tetrasporophyte,Yes,1,176.7188,N,13.3717,42.0085,Y,0.7567,N,0.795,N
SHK_06,Tetrasporophyte,Yes,1,142.3747,N,13.7326,43.1424,Y,0.9645,N,1.04,N
SHK_19,Tetrasporophyte,Yes,1,136.2554,N,14.3928,45.2163,Y,1.0563,N,1.194,N
SHK_26,Tetrasporophyte,Yes,1,318.9491,N,25.2301,79.2627,Y,0.791,Y,1.567,N
SHK_68,Tetrasporophyte,Yes,1,383.0016,Y,42.2631,132.7735,Y,1.1035,N,3.663,N
SHK_91,Tetrasporophyte,Yes,3,723.055,N,66.9381,210.2923,Y,2.7441,N,4.907,N
SHK_89,Tetrasporophyte,Yes,5,1729.7863,N,97.8665,307.4565,Y,2.7972,N,4.375,N
SHK_78,Tetrasporophyte,Yes,2,879.3096,N,126.466,397.3046,Y,2.8821,N,14.29,N
SHK_74,Tetrasporophyte,Yes,4,1753.8043,N,163.8754,514.83,Y,3.4612,N,12.38,N
SHN_113,Vegetative,No,1,145.9997,Y,15.5474,48.8437,Y,1.0649,Y,1.3,Y
SHN_169,Vegetative,No,2,348.1508,Y,33.7337,105.9777,Y,1.9296,Y,2.576,Y
SHN_111,Vegetative,No,2,408.7965,Y,35.1058,110.288,Y,1.6847,Y,2.373,Y
SHN_108,Vegetative,No,3,485.2498,Y,49.5227,155.58,Y,3.0604,Y,3.97,Y
SHN_176,Vegetative,No,2,525.9069,N,55.0406,172.9151,Y,2.0871,N,4.526,N
SHN_157,Vegetative,No,3,710.8435,Y,64.3268,202.0884,Y,2.6531,Y,4.589,Y
SHN_201,Vegetative,No,4,933.4645,Y,96.9281,304.5088,Y,4.1089,Y,7.955,Y
SOU_74,Tetrasporophyte,Yes,1,212.7923,Y,15.9852,50.2191,Y,0.7512,Y,0.943,Y
SOU_81,Tetrasporophyte,Yes,2,400.0339,Y,28.3716,89.132,Y,1.4145,Y,1.604,Y
SOU_04,Vegetative,No,2,518.8903,Y,35.9251,112.8621,Y,1.3845,Y,1.954,Y
SOU_77,Vegetative,No,1,465.6368,Y,37.2025,116.8751,Y,0.799,Y,2.334,Y
SOU_68,Tetrasporophyte,Yes,2,614.2876,Y,38.0156,119.4297,Y,1.2381,Y,1.848,Y
SOU_54,Tetrasporophyte,Yes,2,467.667,Y,38.4214,120.7042,Y,1.6345,Y,2.493,Y
SOU_70,Tetrasporophyte,Yes,2,626.6778,Y,44.8719,140.9693,Y,1.43,Y,2.556,Y
SOU_55,Tetrasporophyte,Yes,3,781.0371,Y,52.2844,164.2561,Y,1.95,Y,2.776,Y
SOU_83,Tetrasporophyte,Yes,3,768.1975,N,56.7566,178.306,Y,2.2242,N,3.311,N
SOU_58,Tetrasporophyte,Yes,3,922.7788,Y,67.3938,211.7239,Y,2.1764,Y,3.881,Y
TMB_100,Vegetative,No,1,250.0768,Y,9.9432,31.2374,Y,0.3976,Y,0.311,Y
TMB_57,Tetrasporophyte,Yes,1,386.1951,N,18.2649,57.3808,Y,0.4729,N,0.678,N
TMB_45,Tetrasporophyte,Yes,1,540.8072,Y,28.1865,88.5504,Y,0.5212,Y,1.154,Y
TMB_93,Tetrasporophyte,Yes,1,352.4758,Y,31.2828,98.2778,Y,0.8875,Y,2.181,Y
TMB_77,Tetrasporophyte,Yes,1,594.7001,N,31.5141,99.0045,Y,0.5299,N,1.312,N
TMB_33,Tetrasporophyte,Yes,1,508.7636,N,34.0656,107.0204,Y,0.6696,N,1.791,N
TMB_53,Tetrasporophyte,Yes,1,803.9729,N,68.3509,214.7308,Y,0.8502,N,4.564,N
TMB_70,Tetrasporophyte,Yes,2,962.8936,N,73.8489,232.0034,Y,1.4927,N,4.509,N
TMB_31,Tetrasporophyte,Yes,1,723.8365,N,80.9703,254.3756,Y,1.1186,N,7.114,N
TMB_97,Vegetative,No,1,404.3962,N,81.6587,256.5383,Y,2.0193,N,12.951,N
TOMS_09,Tetrasporophyte,No,1,133.9659,Y,15.3885,48.3443,Y,1.1487,Y,1.388,Y
TOMS_12,Tetrasporophyte,Yes,1,214.0589,Y,25.8122,81.0914,Y,1.2058,Y,2.445,Y
TOMS_30,Tetrasporophyte,Yes,1,226.8514,N,26.2562,82.4863,Y,1.1574,N,2.387,N
TOMS_14,Tetrasporophyte,Yes,1,287.3821,N,32.0044,100.5447,Y,1.1137,Y,2.799,Y
TOMS_36,Tetrasporophyte,Yes,1,271.097,Y,35.3471,111.0463,Y,1.3039,Y,3.62,Y
TOMS_48,Tetrasporophyte,No,1,417.6975,N,43.7936,137.5816,Y,1.0485,N,3.606,N
TOMS_18,Tetrasporophyte,Yes,1,351.383,N,48.9804,153.8763,Y,1.3939,N,5.362,N
TOMS_76,Tetrasporophyte,No,1,406.9871,N,55.2256,173.4963,Y,1.3569,N,5.886,N
TOMS_61,Tetrasporophyte,No,1,419.4103,N,59.203,185.9918,Y,1.4116,N,6.564,N
TOMS_65,Tetrasporophyte,No,2,602.3826,N,74.3388,233.5423,Y,2.4622,N,7.205,N
UHO_83,Tetrasporophyte,Yes,1,242.2411,N,25.3126,79.5218,Y,1.0449,N,2.077,N
UHO_08,Tetrasporophyte,Yes,1,222.9637,N,29.567,92.8875,Y,1.3261,N,3.079,N
UHO_02,Tetrasporophyte,No,1,231.2265,N,82.8484,260.2759,Y,3.583,N,23.314,N
UHO_17,Tetrasporophyte,No,2,303.3694,N,88.0628,276.6574,Y,4.7335,N,24.297,N
UHO_11,Tetrasporophyte,Yes,1,194.9084,N,89.036,279.7149,Y,4.5681,N,31.944,N
UHO_94,Tetrasporophyte,No,1,173.7388,N,107.8378,338.7826,Y,6.2069,N,52.57,N
UHO_23,Tetrasporophyte,No,2,538.9451,N,119.5309,375.5173,Y,4.4518,N,22.113,N
UHO_45,Tetrasporophyte,No,2,473.7958,N,141.2755,443.8303,Y,5.9405,N,33.523,N
UHO_66,Tetrasporophyte,No,2,548.2837,N,142.1435,446.5571,Y,5.2534,N,29.313,N
UHO_19,Tetrasporophyte,Yes,4,878.0326,N,182.7308,574.0656,Y,8.151,N,31.452,N
USU_122,Tetrasporophyte,Yes,1,27.999,Y,3.2772,10.2956,Y,1.1705,Y,0.301,Y
USU_161,Tetrasporophyte,Yes,1,177.6475,Y,16.7785,52.7111,Y,0.9445,Y,1.245,Y
USU_170,Tetrasporophyte,Yes,1,164.8364,Y,17.7909,55.8917,Y,1.0793,Y,1.508,Y
USU_155,Vegetative,No,1,191.3772,Y,18.8172,59.1159,Y,0.9833,Y,1.453,Y
USU_178,Vegetative,No,1,238.7023,Y,32.0503,100.6891,Y,1.3427,Y,3.38,Y
WAJ_148,Tetrasporophyte,Yes,1,48.7377,Y,3.2313,10.1514,Y,0.663,Y,0.168,Y
WAJ_151,Tetrasporophyte,Yes,1,52.165,Y,4.7007,14.7678,Y,0.9011,Y,0.333,Y
WAJ_145,Tetrasporophyte,Yes,1,53.7028,Y,5.1844,16.2872,Y,0.9654,Y,0.393,Y
WAJ_185,Tetrasporophyte,Yes,1,67.6248,Y,6.6398,20.8595,Y,0.9819,Y,0.512,Y
WAJ_163,Tetrasporophyte,Yes,1,79.251,Y,7.0625,22.1873,Y,0.8912,Y,0.494,Y
WAJ_199,Tetrasporophyte,Yes,1,96.0654,Y,8.2412,25.8904,Y,0.8579,Y,0.555,Y
WAJ_162,Tetrasporophyte,Yes,1,115.3324,Y,10.7102,33.647,Y,0.9286,Y,0.781,Y
WAJ_114,Vegetative,No,1,117.6348,Y,14.7866,46.4536,Y,1.257,Y,1.46,Y
WWF_19,Tetrasporophyte,No,1,174.0995,N,15.6291,49.1002,Y,0.8977,N,1.102,N
WWF_53,Tetrasporophyte,No,1,180.0685,N,20.5422,64.5353,Y,1.1408,N,1.841,N
WWF_56,Tetrasporophyte,No,1,243.0801,N,43.9101,137.9477,Y,1.8064,N,6.23,N
WWF_83,Tetrasporophyte,No,2,340.445,N,48.3312,151.837,Y,2.8306,N,5.389,N
WWF_76,Tetrasporophyte,No,1,267.8541,N,52.7522,165.726,Y,1.9694,N,8.16,N
WWF_01,Tetrasporophyte,No,1,290.1556,N,56.4531,177.3526,Y,1.9456,N,8.626,N
WWF_03,Tetrasporophyte,No,1,202.865,N,66.4621,208.7968,Y,3.2762,N,17.101,N
WWF_08,Tetrasporophyte,No,3,772.0006,N,103.2818,324.4692,Y,3.8393,N,11.195,N
WWF_96,Tetrasporophyte,No,2,657.5758,N,122.9967,386.4057,Y,4.2033,N,21.736,N
WWF_44,Tetrasporophyte,No,3,881.5255,N,168.8613,530.4933,Y,5.7578,N,26.194,N