sample_id,Breakage_Point,attachment,attach2,Life_History,Life_History2,slope_Mpa,auc_modulus,maxstrain,maxstress,peak_force
AKA_101,Base,pebbles,attach,tetrasporophyte,tetrasporophyte,5.52,0.04874009,0.162085973,0.747346102,1.320000052
AKA_110B,Base,shell,attach,tetrasporophyte,tetrasporophyte,3.55,0.061929422,0.224446469,0.622287639,1.690000057
AKA_116,Base,large_rock,attach,tetrasporophyte,tetrasporophyte,2.74,0.030110956,0.154799854,0.384001325,1.230000019
AKA_118,Base,large_rock,attach,tetrasporophyte,tetrasporophyte,4.28,0.042723812,0.14131502,0.615624602,1.480000019
AKA_119,Base,large_rock,attach,tetrasporophyte,tetrasporophyte,4.33,0.032162129,0.154243857,0.540347099,1.580000043
AKA_122,Top,pebble,attach,tetrasporophyte,tetrasporophyte,3.24,0.022032856,0.1738658,0.340203765,1.340000033
AKA_126,Base,pebble,attach,tetrasporophyte,tetrasporophyte,2.68,0.006392479,0.100438154,0.180851754,0.419999987
AKA_128,Base,pebble,attach,tetrasporophyte,tetrasporophyte,3.36,0.1119089,0.28026224,0.75367521,1.730000019
AKA_133,Mid,pebble,attach,tetrasporophyte,tetrasporophyte,4.4,0.125732832,0.264460834,0.996838482,1.879999995
AKA_134,Base,pebble,attach,tetrasporophyte,tetrasporophyte,4.46,0.08772186,0.210998873,0.837559129,1.789999962
AKA_137,Top,pebble,attach,tetrasporophyte,tetrasporophyte,4.36,0.082379076,0.29046849,0.702976756,1.690000057
AKA_141,Base,pebble,attach,tetrasporophyte,tetrasporophyte,3.66,0.027326036,0.12404511,0.443798051,0.959999979
AKA_143,Top,large_rock,attach,tetrasporophyte,tetrasporophyte,3.57,0.037812657,0.14920635,0.477219748,1.309999943
AKA_150,Mid,pebble,attach,tetrasporophyte,tetrasporophyte,3.3,0.024361896,0.134757188,0.364763098,1.100000024
AKA_151,Base,large_rock,attach,tetrasporophyte,tetrasporophyte,5.12,0.069552093,0.28133802,0.762388209,1.75
AKA_174,Base,rock,attach,tetrasporophyte,tetrasporophyte,4.74,0.102404407,0.207967584,0.982505129,1.019999981
AKA_181,Mid,rock,attach,tetrasporophyte,tetrasporophyte,3.61,0.067665368,0.282241717,0.693533073,0.720000029
AVE_08,Top,drift,drift,putative_tetrasporophyte,tetrasporophyte,13.71,0.016077679,0.047495683,0.656381647,0.389999986
AVE_09,Top,buried,buried,putative_tetrasporophyte,tetrasporophyte,8.45,0.089242089,0.14478483,1.20075912,1
AVE_15,Top,drift,drift,putative_tetrasporophyte,tetrasporophyte,12.4,0.121182601,0.173964027,1.83054851,0.829999983
AVE_17,Mid,drift,drift,vegetative,vegetative,13.71,0.019561355,0.052160953,0.724699205,0.319999993
AVE_22,Top,buried,buried,vegetative,vegetative,9.9,0.267394156,0.248945137,2.22074542,1.350000024
AVE_32,Top,drift,drift,vegetative,vegetative,23.3,0.005585478,0.023249139,0.512569259,0.170000002
AVE_35,Base,buried,buried,putative_tetrasporophyte,tetrasporophyte,9.14,0.0889909,0.143241433,1.222260894,0.75999999
AVE_39,Top,buried,buried,putative_tetrasporophyte,tetrasporophyte,13.98,0.079209088,0.107954542,1.482511197,0.689999998
AVE_55,Top,drift,drift,putative_tetrasporophyte,tetrasporophyte,9,0.071424778,0.125116282,1.117358763,1.159999967
AVE_57,Top,drift,drift,putative_tetrasporophyte,tetrasporophyte,7.46,0.019509544,0.07180851,0.509710956,0.519999981
AVE_76,Top,drift,drift,putative_tetrasporophyte,tetrasporophyte,9.48,0.174994221,0.242924533,1.719717499,0.930000007
AVE_78,Mid,buried,buried,putative_tetrasporophyte,tetrasporophyte,8.34,0.093673595,0.162597409,1.269338498,0.670000017
AVE_81,Base,buried,buried,vegetative,vegetative,21.07,0.401199899,0.201751982,4.094213637,1.399999976
AVE_84,Mid,buried,buried,putative_tetrasporophyte,tetrasporophyte,14.76,0.027602691,0.062095238,0.909726998,0.340000004
AVE_85,Base,buried,buried,putative_tetrasporophyte,tetrasporophyte,8.52,0.603736079,0.307774239,3.287311089,1.570000052
BOB_04,,drift,drift,putative_tetrasporophyte,tetrasporophyte,6.46,0.045923706,0.149328863,0.705769562,0.610000014
BOB_09,Top,drift,drift,tetrasporophyte,tetrasporophyte,4.1,0.116785369,0.252421183,0.876033027,2.890000105
BOB_11,Base,drift,drift,tetrasporophyte,tetrasporophyte,6.64,0.187997265,0.281712053,1.345378873,2.069999933
BOB_15,Base,drift,drift,putative_tetrasporophyte,tetrasporophyte,4.54,0.060622365,0.213978218,0.716560538,1.440000057
BOB_18,Base,drift,drift,tetrasporophyte,tetrasporophyte,7.25,0.230117334,0.339683475,1.54404604,3.25999999
BOB_19,Mid,drift,drift,putative_tetrasporophyte,tetrasporophyte,5.21,0.106345425,0.206424302,1.023654597,2.809999943
BOB_21,Mid,drift,drift,putative_tetrasporophyte,tetrasporophyte,3.52,0.110698379,0.412301601,0.894553874,2.200000048
BOB_22,Mid,drift,drift,vegetative,vegetative,10.13,0.326783598,0.294263654,2.468262071,2.25999999
BOB_25,Top,drift,drift,putative_tetrasporophyte,tetrasporophyte,7.68,0.440796234,0.361830734,2.41352582,2.00999999
BOB_26,Mid,drift,drift,putative_tetrasporophyte,tetrasporophyte,4.14,0.264867186,0.378769359,1.428753,2.49000001
BOB_36,Base,drift,drift,tetrasporophyte,tetrasporophyte,5.85,0.337471062,0.363585603,1.741665557,1.340000033
BOB_38,Mid,drift,drift,tetrasporophyte,tetrasporophyte,2.74,0.113738823,0.296524781,0.760496253,2.109999895
BOB_43,Base,drift,drift,tetrasporophyte,tetrasporophyte,6.38,0.076079295,0.24730409,0.840243786,1.330000043
BOB_46,Base,drift,drift,putative_tetrasporophyte,tetrasporophyte,3.01,0.095602107,0.257524264,0.832466209,1.570000052
BOB_50,Base,drift,drift,tetrasporophyte,tetrasporophyte,6.69,0.70083197,0.675282686,2.290098648,3.180000067
BOB_56,Base,drift,drift,putative_tetrasporophyte,tetrasporophyte,9.89,0.203544725,0.270025196,1.904216239,1.080000043
BOB_62,Base,drift,drift,tetrasporophyte,tetrasporophyte,1.28,0.147613666,0.289519545,1.042132147,1.720000029
BOB_69,Base,drift,drift,tetrasporophyte,tetrasporophyte,6,0.220860525,0.299786878,1.435291583,2.24000001
BOB_72,Base,drift,drift,tetrasporophyte,tetrasporophyte,6.54,0.368008044,0.346933339,2.0059923,2.5
BOB_84,Top,drift,drift,putative_tetrasporophyte,tetrasporophyte,4.77,0.188808197,0.306106863,1.145743023,1.519999981
BOB_91,Top,drift,drift,tetrasporophyte,tetrasporophyte,5.92,0.371592573,0.446366769,1.607926349,2.839999914
BOB_94,Base,drift,drift,putative_tetrasporophyte,tetrasporophyte,4.51,0.028536909,0.145718582,0.520378017,1.700000048
BOB_96,Top,drift,drift,putative_tetrasporophyte,tetrasporophyte,8.22,0.370456221,0.428000923,1.950624699,0.75999999
BOM_02,Top,drift,drift,tetrasporophyte,tetrasporophyte,3.13,0.007153063,0.069003286,0.203882475,0.59
BOM_18,Top,drift,drift,vegetative,vegetative,8.12,0.017944032,0.067265964,0.547974382,0.53
BOM_19,Base,drift,drift,putative_tetrasporophyte,tetrasporophyte,3.23,0.007182508,0.069509346,0.220548018,0.4
BOM_20,Top,drift,drift,putative_tetrasporophyte,tetrasporophyte,8.13,0.028543981,0.114574899,0.675870199,0.52
BOM_22,Mid,drift,drift,vegetative,vegetative,6.52,0.016207206,0.072534637,0.468296057,0.39
BOM_23,Top,drift,drift,vegetative,vegetative,16.23,0.057271459,0.089036545,1.390518649,0.49
BOM_24,Top,drift,drift,vegetative,vegetative,8.2,0.013736217,0.062048588,0.490772157,0.37
BOM_25,Base,drift,drift,putative_tetrasporophyte,tetrasporophyte,3.73,0.003414249,0.046676514,0.163292466,0.32
BOM_26,Top,drift,drift,vegetative,vegetative,8.74,0.026280525,0.087863953,0.682929038,0.92
BOM_31,Top,drift,drift,vegetative,vegetative,7.3,0.007180217,0.060031596,0.316586892,0.42
BOM_32,Base,drift,drift,vegetative,vegetative,3.14,0.011985599,0.106017192,0.282290551,0.86
BOM_33,Base,drift,drift,vegetative,vegetative,5.78,0.003887695,0.041434263,0.220127389,0.27
BOM_35,Top,drift,drift,vegetative,vegetative,1.46,0.000448048,0.016073479,0.031594379,0.07
BOM_36,Base,drift,drift,vegetative,vegetative,6.86,0.00587451,0.041947178,0.282381593,0.41
BOM_37,Top,drift,drift,vegetative,vegetative,3.74,0.0048737,0.0628707,0.17882912,0.23
BOM_38,Top,drift,drift,vegetative,vegetative,6.13,0.032966615,0.122715405,0.610845978,1
BOM_44,Mid,drift,drift,vegetative,vegetative,9.09,0.025719976,0.075418994,0.610009217,0.59
BOM_47,Top,drift,drift,vegetative,vegetative,12.09,0.002600077,0.019945826,0.252018135,0.26
BOM_48,Base,drift,drift,vegetative,vegetative,4.88,0.000659695,0.015736041,0.079617834,0.09
CFJ_06,Top,diopatra,attach,tetrasporophyte,tetrasporophyte,8.3,0.036062471,0.095330114,0.790944163,0.340000004
CFJ_09,Base,diopatra,attach,tetrasporophyte,tetrasporophyte,8.01,0.019349158,0.071560117,0.56866358,0.720000029
CFJ_10,Mid,diopatra,attach,tetrasporophyte,tetrasporophyte,10.55,0.13862315,0.160972785,1.617834395,1.27
CFJ_16,Base,diopatra,attach,tetrasporophyte,tetrasporophyte,8.09,0.039507873,0.103672408,0.745640489,0.9
CFJ_19,Base,drift,drift,tetrasporophyte,tetrasporophyte,5.3,0.147070398,0.251269895,1.212927946,1.56
CFJ_35,Base,drift,drift,vegetative,vegetative,9.63,0.168946008,0.190216042,1.751592357,1.98
CFJ_37,Mid,diopatra,attach,tetrasporophyte,tetrasporophyte,8.25,0.122329339,0.175065445,1.177086441,1.63
CFJ_41,Base,drift,drift,tetrasporophyte,tetrasporophyte,7.43,0.039140501,0.116680707,0.753778316,0.810000002
CFJ_49,Mid,diopatra,attach,tetrasporophyte,tetrasporophyte,6.54,0.060951624,0.141372141,0.855875672,1
CFJ_56,Base,drift,drift,tetrasporophyte,tetrasporophyte,7.88,0.068216812,0.161421319,1.00299615,1.25
CFJ_58,Top,diopatra,attach,tetrasporophyte,tetrasporophyte,12.89,0.105397579,0.130410959,1.65648518,1.03
CFJ_62,Base,drift,drift,tetrasporophyte,tetrasporophyte,11.04,0.152376032,0.171896317,1.844565555,0.65
CFJ_66,Mid,diopatra,attach,tetrasporophyte,tetrasporophyte,6.18,0.050707062,0.136274508,0.795949627,0.870000005
CFJ_69,Base,diopatra,attach,tetrasporophyte,tetrasporophyte,10.97,0.14940522,0.169136433,1.817308984,1.13
CFJ_71,Base,diopatra,attach,tetrasporophyte,tetrasporophyte,4.34,0.061840706,0.185106383,0.705753657,1.28
CFJ_74,Mid,drift,drift,tetrasporophyte,tetrasporophyte,7.66,0.155802466,0.200820966,1.454716721,2.02
CFJ_79,Top,drift,drift,tetrasporophyte,tetrasporophyte,11.05,0.230522079,0.204040979,2.183425375,0.99
CFJ_83,Base,diopatra,attach,tetrasporophyte,tetrasporophyte,8.27,0.201087276,0.252076026,1.793046325,1.090000033
CFJ_91,Base,diopatra,attach,tetrasporophyte,tetrasporophyte,8.03,0.054330244,0.122244489,0.929639241,1.33
CNT_01,Top,large_stones,attach,tetrasporophyte,tetrasporophyte,11.07,0.11035501,0.192605332,1.494692204,0.660000026
CNT_06,Top,large_stones,attach,putative_tetrasporophyte,tetrasporophyte,6.86,0.250927573,0.325789715,1.61523917,1.049999952
CNT_07,Top,large_stones,attach,tetrasporophyte,tetrasporophyte,6.55,0.037852817,0.143798688,0.716379976,0.620000005
CNT_08,Top,large_stones,attach,putative_tetrasporophyte,tetrasporophyte,5.44,0.109849468,0.195776657,1.038175587,1.419999957
CNT_09,Top,,,vegetative,vegetative,37.11,1.402198519,0.299435031,8.807108445,1.399999976
CNT_11,Top,large_stones,attach,tetrasporophyte,tetrasporophyte,11.13,0.544011992,0.339866163,3.361029766,1.220000029
CNT_14,Top,large_stones,attach,tetrasporophyte,tetrasporophyte,8.1,0.156736643,0.209435316,1.399532208,0.449999988
CNT_16,Mid,large_stones,attach,tetrasporophyte,tetrasporophyte,8.1,0.090195842,0.222765367,0.907259438,0.389999986
CNT_25,Mid,oyster,attach,tetrasporophyte,tetrasporophyte,3.03,0.008359366,0.130309282,0.221899025,0.119999997
CNT_29,Base,hard_rock,attach,tetrasporophyte,tetrasporophyte,7.53,0.079656128,0.171612449,1.037980697,0.660000026
CNT_32,Mid,hard_rock,attach,tetrasporophyte,tetrasporophyte,6.58,0.214001779,0.272898072,1.552638066,0.860000014
CNT_35,Mid,hard_rock,attach,tetrasporophyte,tetrasporophyte,7.95,0.141543699,0.236143645,1.48126206,0.860000014
CNT_36,Mid,hard_rock,attach,tetrasporophyte,tetrasporophyte,6.15,0.030014248,0.100248553,0.611963453,0.550000012
CNT_40,Top,hard_rock,attach,tetrasporophyte,tetrasporophyte,13.4,0.253379307,0.189805495,2.442241744,0.810000002
CNT_44,Mid,hard_rock,attach,tetrasporophyte,tetrasporophyte,7.91,0.146171574,0.223199997,1.439539899,0.670000017
CNT_52,Top,hard_rock,attach,tetrasporophyte,tetrasporophyte,4.07,0.07110845,0.255917163,0.695931101,0.209999993
CNT_63,Top,hard_rock,attach,tetrasporophyte,tetrasporophyte,5.53,0.167533372,0.267165198,1.310581688,1.200000048
CNT_69,Top,hard_rock,attach,tetrasporophyte,tetrasporophyte,3.19,0.097793184,0.255191519,0.730360913,1.289999962
CNT_71,Top,hard_rock,attach,tetrasporophyte,tetrasporophyte,31.42,0.302432217,0.170265268,4.089762881,1.080000043
CNT_72,Base,hard_rock,attach,tetrasporophyte,tetrasporophyte,7.61,0.129528309,0.196862353,1.178120928,0.699999988
CNT_95,Base,hard_rock,attach,tetrasporophyte,tetrasporophyte,6.96,0.479088339,0.411815792,1.96914494,1.169999957
DHD_20,Mid,drift,drift,tetrasporophyte,tetrasporophyte,8.2,0.104543601,0.185818293,1.168854779,2.809999943
DHD_25,Mid,bedrock,attach,tetrasporophyte,tetrasporophyte,14.19,0.346363394,0.317809104,2.731814445,5.019999981
DHD_28,Mid,drift,drift,tetrasporophyte,tetrasporophyte,2.58,0.156787583,0.366260708,0.712320501,3.779999971
DHD_30,Mid,bedrock,attach,tetrasporophyte,tetrasporophyte,15.7,0.300828466,0.351458899,2.79688609,4.940000057
DHD_33,Top,bedrock,attach,tetrasporophyte,tetrasporophyte,12.12,0.302501661,0.282224357,2.574782212,3.25999999
DHD_40,Mid,bedrock,attach,tetrasporophyte,tetrasporophyte,7.81,0.089400498,0.20327037,1.169775345,2.5
DHD_49,Top,bedrock,attach,tetrasporophyte,tetrasporophyte,11.42,0.283797549,0.251510329,2.526048582,5.139999866
DHD_53,Base,bedrock,attach,tetrasporophyte,tetrasporophyte,10.06,0.436453894,0.387840676,2.542153457,3.529999971
DHD_55,Base,shell,attach,tetrasporophyte,tetrasporophyte,9.54,0.330595893,0.343789619,2.217177709,5.03000021
DHD_67,Mid,bedrock,attach,tetrasporophyte,tetrasporophyte,7.67,0.098042339,0.182973624,1.216582545,2.75999999
DHD_75,Top,bedrock,attach,tetrasporophyte,tetrasporophyte,9.83,0.33737242,0.288387083,2.222921183,2.640000105
DHD_77,Mid,bedrock,attach,tetrasporophyte,tetrasporophyte,12.12,0.25388208,0.271220169,2.37750308,1.980000019
DHD_80,Base,bedrock,attach,tetrasporophyte,tetrasporophyte,7.73,0.302544961,0.335556836,2.036248416,3.890000105
DHD_85,Base,bedrock,attach,tetrasporophyte,tetrasporophyte,7.9,0.037928269,0.141824247,0.770536319,1.50999999
DHD_95,Top,rope,attach,tetrasporophyte,tetrasporophyte,12.53,0.235690144,0.242091672,1.988643061,2.930000067
DHD_98,Top,drift,drift,tetrasporophyte,tetrasporophyte,6.39,0.055159656,0.183924176,0.818252666,1.769999981
DHH_09,Top,buried,buried,putative_tetrasporophyte,tetrasporophyte,7.79,0.17910999,0.285796092,1.582069701,2.230000019
DHH_18,,drift,drift,putative_tetrasporophyte,tetrasporophyte,7.64,0.046979079,0.131497525,0.851423335,1.309999943
DHH_23,Base,drift,drift,putative_tetrasporophyte,tetrasporophyte,8.21,0.11991662,0.257119396,1.364339999,2.539999962
DHH_28,Top,drift,drift,putative_tetrasporophyte,tetrasporophyte,5.1,0.041336013,0.202933012,0.611604759,1.25999999
DHH_33,Top,drift,drift,vegetative,vegetative,6.97,0.011051096,0.099725529,0.376249512,1.340000033
DHH_35,Mid,buried,buried,vegetative,vegetative,16.25,0.054968581,0.198545019,1.250197384,0.75999999
DHH_38,Top,drift,drift,vegetative,vegetative,13.07,0.253935512,0.21091972,2.45232875,2.960000038
DHH_39,Top,buried,buried,putative_tetrasporophyte,tetrasporophyte,15.68,0.097459848,0.209505935,1.695618827,1.639999986
DHH_42,Mid,buried,buried,putative_tetrasporophyte,tetrasporophyte,9.36,0.092469843,0.155728885,1.33923887,4.079999924
DHH_45,Mid,buried,buried,putative_tetrasporophyte,tetrasporophyte,9.47,0.231029017,0.324358437,2.031770028,2.950000048
DHH_47,Mid,drift,drift,putative_tetrasporophyte,tetrasporophyte,6.64,0.031286676,0.126387704,0.633330551,2.630000114
DHH_48,Base,drift,drift,putative_tetrasporophyte,tetrasporophyte,4.26,0.050738019,0.166666669,0.613817829,1.870000005
DHH_56,Base,buried,buried,putative_tetrasporophyte,tetrasporophyte,29.23,0.390010629,0.283333343,4.253022827,5.46999979
DHH_62,Top,drift,drift,putative_tetrasporophyte,tetrasporophyte,10.49,0.041193132,0.11955206,0.917471098,1.179999948
DHH_73,Mid,drift,drift,putative_tetrasporophyte,tetrasporophyte,6.27,0.152000128,0.29163638,1.380895361,3.670000076
DHH_74,Top,buried,buried,putative_tetrasporophyte,tetrasporophyte,9.14,0.233000139,0.298291402,1.991874753,5.010000229
DHH_80,Base,drift,drift,putative_tetrasporophyte,tetrasporophyte,12.45,0.178055604,0.324960337,1.907921907,3.019999981
DHH_85,Mid,drift,drift,putative_tetrasporophyte,tetrasporophyte,8.96,0.112532122,0.192982454,1.342496488,2.799999952
DHH_96,Base,buried,buried,putative_tetrasporophyte,tetrasporophyte,13.16,0.147565905,0.166400426,1.927137657,2.440000057
DNS_08,Top,buried,buried,putative_tetrasporophyte,tetrasporophyte,5.47,0.058681205,0.167218126,0.796020397,1.25999999
DNS_10,Top,bedrock,attach,putative_tetrasporophyte,tetrasporophyte,14.4,0.192243127,0.203998757,2.248568187,1.730000019
DNS_11,Mid,drift,drift,putative_tetrasporophyte,tetrasporophyte,8.29,0.147241369,0.233606563,1.528200994,1.059999943
DNS_12,Mid,drift,drift,putative_tetrasporophyte,tetrasporophyte,3.09,0.210158868,0.431085038,0.883920431,3.059999943
DNS_16,Mid,drift,drift,putative_tetrasporophyte,tetrasporophyte,7.25,0.051845046,0.130691606,0.872483846,1.480000019
DNS_35,Mid,drift,drift,tetrasporophyte,tetrasporophyte,4.9,0.087711187,0.210911136,0.841496966,1.669999957
DNS_38,Mid,buried,buried,tetrasporophyte,tetrasporophyte,9.63,0.240392277,0.277591164,1.844879396,2.410000086
DNS_46,Base,buried,buried,tetrasporophyte,tetrasporophyte,4.26,0.153845008,0.382425732,0.959383882,1.74000001
DNS_48,Top,buried,buried,putative_tetrasporophyte,tetrasporophyte,5.98,0.166105334,0.251454825,1.332111525,2.480000019
DNS_60,Mid,drift,drift,tetrasporophyte,tetrasporophyte,4.03,0.070667395,0.230860388,0.641721029,3.25
DNS_63,Mid,buried,buried,tetrasporophyte,tetrasporophyte,2.1,0.111373045,0.339071354,0.6664737,1.809999943
DNS_64,Mid,buried,buried,tetrasporophyte,tetrasporophyte,7.27,0.211759996,0.266519224,1.624636558,2.289999962
DNS_66,Mid,,,tetrasporophyte,tetrasporophyte,5.75,0.212980838,0.313719103,1.285003397,2.3
DNS_67,Top,,,tetrasporophyte,tetrasporophyte,6.73,0.091776742,0.190995421,0.936680414,1.36
DNS_69,Mid,buried,buried,putative_tetrasporophyte,tetrasporophyte,7.39,0.130459351,0.290800238,1.284279249,2.359999895
DNS_75,Top,drift,drift,tetrasporophyte,tetrasporophyte,9.28,0.188600871,0.286015266,1.513786242,2.430000067
DNS_77,Top,drift,drift,tetrasporophyte,tetrasporophyte,11.85,0.131031261,0.223525867,1.400479891,2.539999962
DNS_78,Top,drift,drift,putative_tetrasporophyte,tetrasporophyte,8.67,0.093131114,0.190871369,1.231773393,1.169999957
DNS_83,Mid,buried,buried,putative_tetrasporophyte,tetrasporophyte,9.8,0.104968773,0.154046141,1.383981865,1.779999971
DNS_97,Base,buried,buried,putative_tetrasporophyte,tetrasporophyte,17.33,0.092441849,0.180717172,1.575917247,1.389999986
EBP_05,Base,diopatra,attach,vegetative,vegetative,10.87,0.033712348,0.079069771,0.864546601,0.720000029
EBP_09,Mid,diopatra,attach,vegetative,vegetative,11.12,0.149910174,0.162977099,1.787706934,1.24000001
EBP_10,Base,diopatra,attach,vegetative,vegetative,8.77,0.188790201,0.194096894,1.689675436,1.299999952
EBP_15,Mid,drift,drift,vegetative,vegetative,15.42,0.183052113,0.154208752,2.308917131,1.159999967
EBP_20,Top,diopatra,attach,vegetative,vegetative,12.86,0.300834842,0.223797091,2.536447286,1.120000005
EBP_21,Base,diopatra,attach,vegetative,vegetative,13.54,0.101763151,0.132506885,1.630573313,0.720000029
EBP_25,Base,diopatra,attach,vegetative,vegetative,5.8,0.080475123,0.166625832,0.954601583,0.939999998
EBP_30,Mid,diopatra,attach,vegetative,vegetative,8.79,0.010775545,0.050468636,0.432509756,0.300000012
EBP_35,Base,diopatra,attach,vegetative,vegetative,9.84,0.270918641,0.256875692,2.16346491,0.930000007
EBP_42,Top,diopatra,attach,tetrasporophyte,tetrasporophyte,10.2,0.116858106,0.15243313,1.535362244,0.660000026
EBP_44,Base,diopatra,attach,vegetative,vegetative,10.7,0.345793294,0.253609771,2.532043744,1.610000014
EBP_55,Base,diopatra,attach,vegetative,vegetative,9.48,0.039894672,0.095449049,0.883353907,1.190000057
EBP_59,Base,drift,drift,vegetative,vegetative,9.82,0.023866947,0.068667464,0.676687884,0.829999983
EBP_62,Base,drift,drift,vegetative,vegetative,15.09,0.12993155,0.150282885,1.932425689,1.019999981
EBP_68,Base,buried,buried,vegetative,vegetative,16.16,0.281898336,0.191390735,2.836108499,1.320000052
EBP_78,Base,diopatra,attach,vegetative,vegetative,14.49,0.008579611,0.035761591,0.515656059,0.239999995
EBP_80,Base,diopatra,attach,vegetative,vegetative,10.94,0.092530739,0.132571429,1.363057392,1.070000052
EBP_85,Top,drift,drift,vegetative,vegetative,10.49,0.205579196,0.197775039,1.949617364,1.440000057
EBP_95,Base,buried,buried,vegetative,vegetative,10.16,0.088968883,0.130208333,1.325583056,0.899999976
EBP_99,Mid,diopatra,attach,tetrasporophyte,tetrasporophyte,5.89,0.065742515,0.152488425,0.870820067,1.120000005
ELD_05,Mid,drift,drift,vegetative,vegetative,6.69,0.222392611,0.276097561,1.381430963,2.28
ELD_10a,Base,buried,buried,vegetative,vegetative,9.3,0.159544635,0.209475151,1.545245543,2.05
ELD_10b,Mid,buried,buried,vegetative,vegetative,16.3,0.452295893,0.261187,3.019383707,2.05
ELD_13,Top,drift,drift,vegetative,vegetative,10.53,0.208374267,0.204013378,2.061629754,1.43
ELD_16,Top,buried,buried,vegetative,vegetative,11.23,0.141773889,0.166556728,1.75684567,1.02
ELD_21,Mid,buried,buried,vegetative,vegetative,10.58,0.312448039,0.296993623,2.053298095,1.71
ELD_22,Mid,drift,drift,vegetative,vegetative,8.82,0.034947759,0.108208955,0.753855222,0.58
ELD_24,Base,drift,drift,vegetative,vegetative,9.63,0.109453793,0.152025586,1.425595704,1.48
ELD_28,Top,buried,buried,vegetative,vegetative,3.2,0.043374117,0.174956522,0.512539809,1.03
ELD_51,Base,buried,buried,vegetative,vegetative,7.73,0.152873372,0.207535322,1.4903633,1.39
ELD_55,Base,buried,buried,vegetative,vegetative,5.68,0.009684758,0.068129087,0.238853503,0.27
ELD_60,Mid,buried,buried,vegetative,vegetative,6.98,0.206237487,0.245022479,1.637685483,1.26
ELD_67,Mid,buried,buried,vegetative,vegetative,11.11,0.098127015,0.175844516,1.413955297,0.96
ELD_68,Mid,buried,buried,vegetative,vegetative,7.91,0.172738191,0.209954095,1.649614513,1.12
ELD_77,Mid,buried,buried,vegetative,vegetative,4.36,0.165074252,0.273175101,1.161346726,1.97
ELD_85,Mid,drift,drift,vegetative,vegetative,5.16,0.146253895,0.282165369,1.181827229,1.52
ELD_86,Mid,buried,buried,vegetative,vegetative,3.96,0.086747608,0.218693519,0.825425712,1.27
ELD_90,Base,buried,buried,vegetative,vegetative,10.52,0.120016233,0.161788185,1.414012739,1.11
ELD_96,Mid,buried,buried,vegetative,vegetative,12.05,0.183827691,0.182917798,2.004268401,1.45
ELD_98,Base,drift,drift,putative_tetrasporophyte,tetrasporophyte,4.06,0.060517939,0.179256595,0.682303203,1.08
FAR_09,Base,drift_buried,drift,vegetative,vegetative,12.47,0.201414196,0.192036395,2.198532555,0.870000005
FAR_15,Base,drift_buried,drift,putative_tetrasporophyte,tetrasporophyte,5.77,0.008548064,0.05473541,0.294064035,0.300000012
FAR_17,Top,drift_buried,drift,putative_tetrasporophyte,tetrasporophyte,9.08,0.039994625,0.10382514,0.807854346,0.479999989
FAR_19,Top,drift_buried,drift,putative_tetrasporophyte,tetrasporophyte,6.88,0.018185078,0.077107856,0.482424843,0.170000002
FAR_29,Top,drift_buried,drift,putative_tetrasporophyte,tetrasporophyte,17,0.574961663,0.275971099,4.040251863,1.340000033
FAR_43,Top,drift_buried,drift,putative_tetrasporophyte,tetrasporophyte,15.55,0.413193516,0.229953793,3.120822474,1.269999981
FAR_47,Top,drift_buried,drift,vegetative,vegetative,12.24,0.039807107,0.111238976,0.970411273,0.439999998
FAR_72,Top,drift_buried,drift,vegetative,vegetative,6.77,0.058923272,0.13066797,0.873721068,0.449999988
FAR_75,Mid,drift_buried,drift,vegetative,vegetative,21.77,0.347846617,0.209007206,3.489423501,1.419999957
FDM_08,Top,drift,drift,putative_tetrasporophyte,tetrasporophyte,9.58,0.095563106,0.187009282,1.292191355,0.839999974
FDM_31,Mid,pebble,attach,putative_tetrasporophyte,tetrasporophyte,9.86,0.08014371,0.276928091,1.211781594,0.720000029
FDM_35,Top,pebble,attach,vegetative,vegetative,17.59,0.097806944,0.155078601,1.792875656,1.139999986
FDM_39,Base,pebble,attach,vegetative,vegetative,10.89,0.158566144,0.214881617,1.823446984,1.00999999
FDM_64,Mid,buried,buried,putative_tetrasporophyte,tetrasporophyte,7.04,0.078276102,0.196399876,1.003059316,1.269999981
FDM_68,Base,buried,buried,putative_tetrasporophyte,tetrasporophyte,9.68,0.163660677,0.220099446,1.720814786,1.070000052
FDM_69,Base,buried,buried,putative_tetrasporophyte,tetrasporophyte,10.8,0.133249892,0.246293246,1.610049586,1.870000005
FDM_73,Base,buried,buried,putative_tetrasporophyte,tetrasporophyte,8.6,0.185621096,0.242796404,1.686787919,1.169999957
FDM_75,Top,buried,buried,vegetative,vegetative,9.46,0.241369045,0.294418084,2.046885745,1.360000014
FDM_81,Top,buried,buried,putative_tetrasporophyte,tetrasporophyte,6.13,0.124997393,0.260631448,1.147270854,0.829999983
FDM_84,Mid,buried,buried,tetrasporophyte,tetrasporophyte,5.85,0.132344279,0.292967688,1.208410038,1.529999971
FDM_90,Base,buried,buried,tetrasporophyte,tetrasporophyte,7.26,0.179641903,0.291380867,1.430640484,0.930000007
FDM_91,Top,buried,buried,putative_tetrasporophyte,tetrasporophyte,5.62,0.091989222,0.248206136,0.985549035,1.559999943
FDM_96,Base,buried,buried,putative_tetrasporophyte,tetrasporophyte,7.32,0.180960771,0.362204726,1.494712909,1.149999976
FLF_06,Top,buried,buried,vegetative,vegetative,5.92,0.054435542,0.292312471,0.750542656,0.699999988
FLF_09,Top,buried,buried,putative_tetrasporophyte,tetrasporophyte,7.61,0.081767582,0.157650273,1.111850576,1.429999948
FLF_14,Top,buried,buried,tetrasporophyte,tetrasporophyte,7.92,0.174803798,0.254062504,1.607549982,1.639999986
FLF_19,Mid,buried,buried,putative_tetrasporophyte,tetrasporophyte,6.66,0.077696918,0.2169607,0.828533215,1.330000043
FLF_41,Top,buried,buried,putative_tetrasporophyte,tetrasporophyte,13.23,0.231910921,0.226573427,2.419189204,0.730000019
FLF_44,Mid,buried,buried,putative_tetrasporophyte,tetrasporophyte,9.54,0.140213055,0.24959936,1.575769619,1.139999986
FLF_69,Base,buried,buried,putative_tetrasporophyte,tetrasporophyte,5.06,0.034093236,0.187611065,0.545203803,0.49000001
FLF_72,Mid,buried,buried,putative_tetrasporophyte,tetrasporophyte,11.67,0.411227517,0.343935692,2.857618106,1.399999976
FLF_75,Top,buried,buried,putative_tetrasporophyte,tetrasporophyte,8.83,0.111404701,0.19236209,1.3859873,1.700000048
FLF_84,Top,buried,buried,tetrasporophyte,tetrasporophyte,7.89,0.155900231,0.340308915,1.534573374,0.810000002
FLF_95,Base,buried,buried,putative_tetrasporophyte,tetrasporophyte,8.79,0.133151881,0.227176224,1.501085313,1.399999976
FPA_01,Mid,buried,buried,tetrasporophyte,tetrasporophyte,3.34,0.012073355,0.101366745,0.265753865,0.230000004
FPA_02,Top,buried,buried,putative_tetrasporophyte,tetrasporophyte,6.58,0.461266594,0.43051769,2.377919213,1.049999952
FPA_11,Base,buried,buried,tetrasporophyte,tetrasporophyte,7.1,0.123083445,0.264051767,1.268695227,0.879999995
FPA_16,Top,buried,buried,putative_tetrasporophyte,tetrasporophyte,11.68,0.198372575,0.249528831,2.072890383,0.99000001
FPA_22,Mid,buried,buried,putative_tetrasporophyte,tetrasporophyte,9.78,0.207089585,0.28196443,1.799837949,1.169999957
FPA_25,Top,buried,buried,putative_tetrasporophyte,tetrasporophyte,11.14,0.237284831,0.273156349,2.269108252,1.139999986
FPA_27,Mid,buried,buried,putative_tetrasporophyte,tetrasporophyte,6.42,0.217795634,0.341605834,1.548305136,1.340000033
FPA_29,Top,buried,buried,putative_tetrasporophyte,tetrasporophyte,6.2,0.051121095,0.249087216,0.765096316,0.74000001
FPA_38,Top,buried,buried,putative_tetrasporophyte,tetrasporophyte,5.48,0.300071988,0.415402117,1.638191685,2.140000105
FPA_50,Top,buried,buried,tetrasporophyte,tetrasporophyte,8.15,0.184929535,0.293205083,1.660667808,1.409999967
FPA_53,Base,buried,buried,tetrasporophyte,tetrasporophyte,5.31,0.074205537,0.292249041,0.872389923,0.889999986
FPA_57,Base,buried,buried,tetrasporophyte,tetrasporophyte,6.14,0.045909309,0.180834615,0.729070696,0.879999995
FPA_69,Top,buried,buried,tetrasporophyte,tetrasporophyte,12.21,0.111155022,0.189757849,1.571784843,0.850000024
FPA_74,Top,buried,buried,putative_tetrasporophyte,tetrasporophyte,8.33,0.111491524,0.219078942,1.286752892,0.99000001
FPL_100,Top,buried,buried,vegetative,vegetative,5.04,0.121441735,0.277944316,1.086124468,0.939999998
FPL_19,Base,buried,buried,vegetative,vegetative,5.5,0.047829689,0.17372473,0.694554102,0.949999988
FPL_49,Mid,buried,buried,vegetative,vegetative,6.7,0.037438439,0.147790062,0.666479865,1.100000024
FPL_50,Base,buried,buried,vegetative,vegetative,4.6,0.022991473,0.146752876,0.435040417,0.5
FPL_56,Top,buried,buried,vegetative,vegetative,8.99,0.307446774,0.307469164,2.287794121,1.980000019
FPL_59,Top,buried,buried,vegetative,vegetative,7.2,0.230738351,0.316232781,1.764384142,1.25
FPL_62,Mid,buried,buried,vegetative,vegetative,8.97,0.265280916,0.315222172,1.796066337,2.309999943
FPL_64,Base,buried,buried,vegetative,vegetative,5.66,0.129340286,0.30220358,1.095948704,1.059999943
FPL_71,Mid,buried,buried,vegetative,vegetative,5.74,0.078388168,0.227102109,0.92942674,1.139999986
FPL_80,Mid,buried,buried,putative_tetrasporophyte,tetrasporophyte,3.58,0.059942261,0.264825048,0.631270388,0.689999998
FPL_83,Base,buried,buried,vegetative,vegetative,6.5,0.166694084,0.240117128,1.440913744,1.470000029
FPL_93,Base,buried,buried,vegetative,vegetative,7.26,0.064684805,0.262071063,0.93772111,1.059999943
FPL_94,Top,buried,buried,vegetative,vegetative,3.76,0.218916507,0.395540872,1.18724192,1.409999967
FTR_08,Top,buried,buried,vegetative,vegetative,9.81,0.169801705,0.255474456,1.776596375,0.270000011
FTR_10,Top,buried,buried,vegetative,vegetative,15.32,0.622190877,0.351076812,4.094425402,0.709999979
FTR_100,Top,buried,buried,tetrasporophyte,tetrasporophyte,9.16,0.177110094,0.197962156,1.78343946,0.349999994
FTR_11,Base,buried,buried,vegetative,vegetative,8.96,0.108210226,0.264250805,1.230807124,0.460000008
FTR_24,Mid,buried,buried,tetrasporophyte,tetrasporophyte,7.49,0.140087309,0.213789417,1.430575476,0.850000024
FTR_26,Top,buried,buried,vegetative,vegetative,9.74,0.129844748,0.221395359,1.548124546,0.629999995
FTR_37,Base,buried,buried,putative_tetrasporophyte,tetrasporophyte,5.68,0.240489631,0.340713405,1.551583532,0.879999995
FTR_43,Base,buried,buried,tetrasporophyte,tetrasporophyte,9.02,0.265514372,0.319552538,2.062900768,1.169999957
FTR_44,Top,buried,buried,tetrasporophyte,tetrasporophyte,17.26,0.44971373,0.247976687,3.530546525,1.100000024
FTR_45,Top,buried,buried,vegetative,vegetative,7.17,0.024817825,0.105628659,0.575726718,0.639999986
FTR_51,Mid,buried,buried,putative_tetrasporophyte,tetrasporophyte,7.3,0.153921032,0.263052216,1.423852076,0.769999981
FTR_52,Base,buried,buried,vegetative,vegetative,6.7,0.086537742,0.176025234,1.085161591,0.689999998
FTR_66,Top,buried,buried,vegetative,vegetative,8.59,0.112785924,0.202441507,1.332111525,0.620000005
FTR_69,Mid,buried,buried,vegetative,vegetative,6.1,0.32218405,0.383252811,1.811748081,0.800000012
FTR_72,Base,buried,buried,vegetative,vegetative,19.86,0.786531896,0.315483599,5.166312945,1.460000038
FTR_78,Mid,buried,buried,tetrasporophyte,tetrasporophyte,7.87,0.104156397,0.166360639,1.225444294,0.85
FUT_07,Top,bedrock,attach,putative_tetrasporophyte,tetrasporophyte,7.59,0.149161056,0.406316925,1.315997282,0.800000012
FUT_09,Mid,bedrock,attach,tetrasporophyte,tetrasporophyte,4.39,0.101917025,0.243517938,0.940796706,1.210000038
FUT_10,Top,bedrock,attach,putative_tetrasporophyte,tetrasporophyte,5.34,0.169758952,0.288702937,1.320382996,2.089999914
FUT_11,Base,bedrock,attach,vegetative,vegetative,12.91,0.220744752,0.320538516,2.047299168,2.200000048
FUT_13,Mid,bedrock,attach,tetrasporophyte,tetrasporophyte,5.21,0.112767273,0.218172017,1.088712755,1.190000057
FUT_14,Mid,bedrock,attach,tetrasporophyte,tetrasporophyte,6,0.103558349,0.193490064,1.123129695,1.49000001
FUT_15,Top,bedrock,attach,tetrasporophyte,tetrasporophyte,5.14,0.257204449,0.348396505,1.548124558,1.75
FUT_16,Base,bedrock,attach,tetrasporophyte,tetrasporophyte,6.79,0.188465801,0.260460741,1.597583692,1.49000001
FUT_17,Mid,bedrock,attach,tetrasporophyte,tetrasporophyte,6.79,0.189954947,0.25617635,1.482679098,1.460000038
FUT_18,Base,bedrock,attach,tetrasporophyte,tetrasporophyte,9.32,0.214919327,0.303829074,1.635698998,2.170000076
FUT_23,Base,bedrock,attach,tetrasporophyte,tetrasporophyte,5.71,0.265529885,0.349836514,1.426751592,1.75
FUT_24,Top,bedrock,attach,tetrasporophyte,tetrasporophyte,5.42,0.234497497,0.315404106,1.407883456,2.25999999
FUT_34,Mid,bedrock,attach,tetrasporophyte,tetrasporophyte,4.61,0.239622511,0.33279278,1.392129357,1.600000024
FUT_35,Base,bedrock,attach,tetrasporophyte,tetrasporophyte,3.43,0.084247206,0.239221983,0.706485399,1.149999976
FUT_36,Mid,bedrock,attach,tetrasporophyte,tetrasporophyte,5.16,0.086080727,0.24029325,0.967814096,1.039999962
FUT_40,Base,bedrock,attach,tetrasporophyte,tetrasporophyte,3.87,0.14077003,0.29197994,1.088790858,2.079999924
FUT_44,Mid,bedrock,attach,tetrasporophyte,tetrasporophyte,5.35,0.033708589,0.129075566,0.612809376,0.970000029
FUT_49,Base,bedrock,attach,tetrasporophyte,tetrasporophyte,4.85,0.350145878,0.383999991,1.796400353,2.420000076
FUT_50,Base,bedrock,attach,tetrasporophyte,tetrasporophyte,4.51,0.234292421,0.334583439,1.345393996,2.190000057
FUT_51,Top,bedrock,attach,tetrasporophyte,tetrasporophyte,6.45,0.330070391,0.34287531,1.981146551,2.430000067
FUT_58A,Base,bedrock,attach,tetrasporophyte,tetrasporophyte,4.46,0.141935871,0.277754156,1.128022805,1.590000033
GAL_03,Top,drift,drift,putative_tetrasporophyte,tetrasporophyte,11.54,0.111921848,0.146230701,1.604478481,0.910000026
GAL_10,Top,drift,drift,putative_tetrasporophyte,tetrasporophyte,10.8,0.443644956,0.313526748,2.92664919,2.029999971
GAL_11,Top,drift,drift,putative_tetrasporophyte,tetrasporophyte,11.8,0.035679615,0.076862747,0.91287074,0.529999971
GAL_15,Top,drift,drift,putative_tetrasporophyte,tetrasporophyte,10.08,0.052377057,0.101310325,0.984526755,0.639999986
GAL_16,Top,drift,drift,putative_tetrasporophyte,tetrasporophyte,14.3,0.917128294,0.352719823,4.991550649,1.919999957
GAL_17,Top,drift,drift,vegetative,vegetative,14,0.284731395,0.236176606,2.795907428,0.67
GAL_19,Top,drift,drift,putative_tetrasporophyte,tetrasporophyte,11.07,0.223007049,0.202574322,2.199239151,0.920000017
GAL_23,Base,drift,drift,putative_tetrasporophyte,tetrasporophyte,4.06,0.344364131,0.400175646,1.630536592,2.130000114
GAL_39,Mid,drift,drift,putative_tetrasporophyte,tetrasporophyte,3.84,0.002573698,0.032627866,0.248805742,0.180000007
GAL_56,Top,drift,drift,putative_tetrasporophyte,tetrasporophyte,8.96,0.278441986,0.258880787,2.213023907,1.029999971
GAL_57,Top,drift,drift,putative_tetrasporophyte,tetrasporophyte,15.13,0.032372946,0.06665015,0.900613305,0.560000002
GAL_60,Top,drift,drift,putative_tetrasporophyte,tetrasporophyte,4.41,0.002589705,0.034396499,0.120976762,0.129999995
GAL_67,Base,drift,drift,putative_tetrasporophyte,tetrasporophyte,12.06,0.493098037,0.320967442,3.327083985,1.629999995
GAL_74,Top,drift,drift,putative_tetrasporophyte,tetrasporophyte,10.62,0.022187627,0.065210801,0.688636987,0.74000001
GAL_77,Top,drift,drift,putative_tetrasporophyte,tetrasporophyte,6.64,0.061239815,0.170769711,0.887596102,0.479999989
GAL_84,Top,drift,drift,putative_tetrasporophyte,tetrasporophyte,8.87,0.393952711,0.30801436,2.479722543,1.720000029
GAL_86,,drift,drift,putative_tetrasporophyte,tetrasporophyte,7.45,0.265862076,0.287229342,1.917016399,2.059999943
GAL_90,Top,drift,drift,putative_tetrasporophyte,tetrasporophyte,14.72,0.126861238,0.130595864,1.891746026,1.149999976
GRB_26,Mid,drift,drift,vegetative,vegetative,4,0.109629997,0.246130368,0.908836196,2.160000086
GRB_34,Mid,drift,drift,vegetative,vegetative,9.45,0.317096454,0.284941396,1.993372384,2.980000019
GRB_36,Mid,drift,drift,vegetative,vegetative,4.82,0.088963742,0.239819011,0.886370411,1.139999986
GRB_38,Mid,drift,drift,vegetative,vegetative,9.44,0.324892533,0.279434249,2.456022739,1.74000001
GRB_45,Mid,drift,drift,vegetative,vegetative,6.06,0.0758027,0.194216659,0.947643337,1.5
GRB_49,Mid,drift,drift,vegetative,vegetative,6.06,0.096897735,0.260293422,1.268397925,1.409999967
GRB_53,Top,drift,drift,vegetative,vegetative,5.04,0.187028473,0.289707747,1.112088144,2.859999895
GRB_60,Top,drift,drift,vegetative,vegetative,7.34,0.275977583,0.308552635,1.826092891,2.460000038
GRB_64,Mid,drift,drift,vegetative,vegetative,7.6,0.330860745,0.336532324,2.206858449,1.629999995
GRB_68,Mid,drift,drift,tetrasporophyte,tetrasporophyte,4.96,0.249531898,0.378148389,1.524048127,1.809999943
GRB_73,Base,drift,drift,vegetative,vegetative,9.72,0.242965147,0.361317488,1.78623378,3.029999971
GRB_76,Mid,drift,drift,tetrasporophyte,tetrasporophyte,9.02,0.205050081,0.280166866,1.545021442,2.549999952
GRB_77,Top,drift,drift,putative_tetrasporophyte,tetrasporophyte,5.56,0.054539075,0.157730115,0.753584438,0.689999998
GRB_80,Base,drift,drift,vegetative,vegetative,6.95,0.110822764,0.23720609,1.060466515,2.880000114
GRB_81,Mid,drift,drift,vegetative,vegetative,7.26,0.055056664,0.149923316,0.89299443,1.24000001
GRB_84,Mid,drift,drift,vegetative,vegetative,6.39,0.290156358,0.331678267,1.638420655,3.089999914
GRB_89,Mid,drift,drift,vegetative,vegetative,5.88,0.184294744,0.279421433,1.373281236,1.850000024
GRB_94,Mid,drift,drift,vegetative,vegetative,5.1,0.191747815,0.280877138,1.322372306,1.919999957
GRB_99,Mid,drift,drift,vegetative,vegetative,7.17,0.0978681,0.193763147,1.147842095,1.570000052
HAY_103,Mid,attached,attach,tetrasporophyte,tetrasporophyte,3.77,0.305598893,0.456759031,1.40430578,1.950000048
HAY_106,Mid,attached,attach,tetrasporophyte,tetrasporophyte,3.98,0.065560919,0.287012287,0.67902346,1.090000033
HAY_109,Mid,attached,attach,tetrasporophyte,tetrasporophyte,8.55,0.220023988,0.296862752,1.631500765,2.730000019
HAY_112,Mid,attached,attach,tetrasporophyte,tetrasporophyte,4.72,0.023611324,0.133003307,0.462172881,0.540000021
HAY_115,Top,attached,attach,tetrasporophyte,tetrasporophyte,8.44,0.143277644,0.308622702,1.436290456,1.789999962
HAY_117,Top,attached,attach,tetrasporophyte,tetrasporophyte,5.72,0.134353429,0.312499988,1.028134911,2.359999895
HAY_118,Base,attached,attach,tetrasporophyte,tetrasporophyte,3.78,0.035109897,0.17018779,0.496407876,0.720000029
HAY_122,Top,attached,attach,tetrasporophyte,tetrasporophyte,5.17,0.353272276,0.503301551,1.469782074,1.980000019
HAY_126,Mid,attached,attach,tetrasporophyte,tetrasporophyte,9.23,0.380748356,0.342844407,2.2901819,2.019999981
HAY_127,Mid,attached,attach,tetrasporophyte,tetrasporophyte,4.38,0.035363291,0.168795112,0.536997906,0.850000024
HAY_128,Mid,attached,attach,tetrasporophyte,tetrasporophyte,6.97,0.208197447,0.30494607,1.525517069,0.980000019
HAY_129,Mid,attached,attach,tetrasporophyte,tetrasporophyte,4.9,0.129456019,0.252873554,1.130646202,1.570000052
HAY_130,Top,attached,attach,tetrasporophyte,tetrasporophyte,5.6,0.116092016,0.224422445,1.040338638,1.669999957
HAY_134,Mid,attached,attach,tetrasporophyte,tetrasporophyte,8.28,0.131850983,0.205531111,1.462219181,2
HAY_136,Top,attached,attach,tetrasporophyte,tetrasporophyte,5.53,0.191620819,0.28711256,1.275722391,2.5
HAY_139,Mid,attached,attach,tetrasporophyte,tetrasporophyte,4.98,0.055245778,0.172066435,0.723767598,1.330000043
HAY_141,Mid,attached,attach,tetrasporophyte,tetrasporophyte,2.25,0.01225132,0.124819626,0.235836918,0.579999983
HAY_144,Base,attached,attach,tetrasporophyte,tetrasporophyte,9.14,0.175401374,0.334841633,1.582750417,1.730000019
HAY_148,Top,attached,attach,tetrasporophyte,tetrasporophyte,2.04,0.051220382,0.266935187,0.446568566,0.920000017
HAY_151,Base,attached,attach,tetrasporophyte,tetrasporophyte,2.04,0.074314391,0.194367919,0.927908157,0.629999995
HIK_123,Mid,pebbles,attach,tetrasporophyte,tetrasporophyte,4.91,0.048098158,0.152744627,0.692015566,0.479999989
HIK_127,Base,pebbles,attach,tetrasporophyte,tetrasporophyte,7.15,0.272865748,0.297003739,1.959509548,0.959999979
HIK_128,Top,pebbles,attach,tetrasporophyte,tetrasporophyte,26.9,0.315675054,0.199356915,4.340646364,0.689999998
HIK_131,Base,hard_rock,attach,tetrasporophyte,tetrasporophyte,7.98,0.077912646,0.165544548,1.083645426,0.720000029
HIK_143,Base,pebbles,attach,tetrasporophyte,tetrasporophyte,10.34,0.162909215,0.227101624,1.7689342,0.699999988
HIK_152,Mid,pebbles,attach,tetrasporophyte,tetrasporophyte,7.78,0.040102971,0.136732328,0.764331241,0.600000024
HIK_156,Mid,pebbles,attach,tetrasporophyte,tetrasporophyte,4.93,0.079066842,0.218103453,0.870968002,0.920000017
HIK_160,Top,pebbles,attach,tetrasporophyte,tetrasporophyte,4.42,0.038763386,0.178222036,0.554616739,0.479999989
HIK_165,Mid,pebbles,attach,tetrasporophyte,tetrasporophyte,5.34,0.263282906,0.310848017,2.18703307,0.389999986
HIK_172,Mid,hard_rock,attach,tetrasporophyte,tetrasporophyte,3.39,0.029110157,0.161913819,0.426497685,0.540000021
HIK_193,Mid,hard_rock,attach,tetrasporophyte,tetrasporophyte,4.11,0.027573389,0.15476811,0.425306483,0.230000004
HIK_195,Mid,hard_rock,attach,tetrasporophyte,tetrasporophyte,11.79,0.307349634,0.271811191,2.554013778,0.899999976
HIK_200,Top,buried,buried,tetrasporophyte,tetrasporophyte,4.57,0.012573075,0.081566069,0.331740969,0.239999995
KAE_101,Mid,hard_rock,attach,vegetative,vegetative,11.97,0.019261807,0.056564823,0.67267147,1.220000029
KAE_102,Base,hard_rock,attach,tetrasporophyte,tetrasporophyte,7.67,0.009251652,0.058645709,0.380176973,0.519999981
KAE_103,Base,hard_rock,attach,tetrasporophyte,tetrasporophyte,21.45,0.111202633,0.111385458,2.201032734,0.730000019
KAE_112,Top,hard_rock,attach,tetrasporophyte,tetrasporophyte,8.18,0.05304625,0.131187372,0.915659663,1.309999943
KAE_113,Base,hard_rock,attach,vegetative,vegetative,9.49,0.040451576,0.101277657,0.876689663,1.110000014
KAE_121,Mid,hard_rock,attach,vegetative,vegetative,12.04,0.021523894,0.058468959,0.70832373,0.709999979
KAE_122,Base,hard_rock,attach,vegetative,vegetative,12.49,0.037181406,0.094278606,0.943057438,1.120000005
KAE_128,Base,hard_rock,attach,vegetative,vegetative,16.68,0.041956802,0.10142857,1.133757944,0.889999986
KAE_129,Base,hard_rock,attach,tetrasporophyte,tetrasporophyte,5.57,0.004734454,0.043846947,0.233302623,0.479999989
KAE_138,Base,hard_rock,attach,vegetative,vegetative,6.36,0.017619995,0.11630186,0.446113683,0.289999992
KAE_139,Base,hard_rock,attach,tetrasporophyte,tetrasporophyte,6.63,0.030365453,0.108411781,0.626458226,0.720000029
KAE_141,Base,hard_rock,attach,tetrasporophyte,tetrasporophyte,6.57,0.04414786,0.117992308,0.763422368,1.25999999
KAE_144,Base,hard_rock,attach,tetrasporophyte,tetrasporophyte,4.81,0.001542974,0.025557011,0.121953647,0.230000004
KAE_162,Base,hard_rock,attach,vegetative,vegetative,10.55,0.077542399,0.156240079,1.271847087,1.559999943
KAE_165,Base,hard_rock,attach,tetrasporophyte,tetrasporophyte,14.84,0.034079644,0.069254186,1.017338974,1.149999976
KAE_167,Base,hard_rock,attach,tetrasporophyte,tetrasporophyte,6.8,0.0115815,0.076887013,0.370466653,0.569999993
KAE_171,Base,hard_rock,attach,tetrasporophyte,tetrasporophyte,3.68,0.027401844,0.161607645,0.437567271,1.24000001
KAE_182,Base,hard_rock,attach,vegetative,vegetative,10.98,0.110970689,0.156478573,1.565265496,1.039999962
KAE_184,Base,hard_rock,attach,tetrasporophyte,tetrasporophyte,8.5,0.016287306,0.109764309,0.488843162,0.49000001
LHP_202,Top,rock,attach,tetrasporophyte,tetrasporophyte,11.3,0.245685836,0.209932282,2.327375404,1.320000052
LHP_210,Base,rock,attach,tetrasporophyte,tetrasporophyte,8.2,0.028911753,0.083072102,0.670862688,0.889999986
LHP_213,Base,rock,attach,tetrasporophyte,tetrasporophyte,4.2,0.017229855,0.090680104,0.36801131,0.649999976
LHP_221,Base,rock,attach,tetrasporophyte,tetrasporophyte,12,0.104886672,0.152792636,1.395077341,1.629999995
LHP_226,Mid,rock,attach,tetrasporophyte,tetrasporophyte,7.44,0.059130101,0.123837982,0.883040734,2.450000048
LHP_228,Top,rock,attach,tetrasporophyte,tetrasporophyte,7.16,0.090716759,0.175771201,1.130782839,0.870000005
LHP_237,Base,rock,attach,tetrasporophyte,tetrasporophyte,8.34,0.024576417,0.076598737,0.635159026,0.730000019
LHP_248,Mid,rock,attach,tetrasporophyte,tetrasporophyte,8.47,0.043937767,0.107152424,0.961564254,0.769999981
LHP_258,Top,rock,attach,tetrasporophyte,tetrasporophyte,10.96,0.005796394,0.049116997,0.220548021,0.100000001
LHP_260,Mid,rock,attach,tetrasporophyte,tetrasporophyte,6.79,0.180457871,0.234905241,1.544780217,1.659999967
LHP_270,Mid,rock,attach,tetrasporophyte,tetrasporophyte,10.56,0.244603596,0.216415615,2.221945379,2.470000029
LHP_271,Base,drift,drift,tetrasporophyte,tetrasporophyte,10.29,0.137681815,0.177449606,1.641896728,2.900000095
LHP_276,Top,rock,attach,tetrasporophyte,tetrasporophyte,7.28,0.166222103,0.210826214,1.533455729,1.50999999
LHP_284,Top,rock,attach,tetrasporophyte,tetrasporophyte,8.58,0.097095207,0.169067921,1.26765445,0.589999974
LHP_288,Mid,rock,attach,tetrasporophyte,tetrasporophyte,5.1,0.006556474,0.055898491,0.255893696,0.109999999
LHP_291,Base,rock,attach,tetrasporophyte,tetrasporophyte,5.18,0.06403555,0.170472892,0.800652182,1.50999999
MNG_101,Mid,rock,attach,tetrasporophyte,tetrasporophyte,2.73,0.405638513,0.59547829,1.248840688,1.840000033
MNG_102,Mid,pebbles,attach,putative_tetrasporophyte,tetrasporophyte,3.83,0.255566018,0.39868084,1.297883889,1.059999943
MNG_109,Mid,wood,attach,putative_tetrasporophyte,tetrasporophyte,5.96,0.171965585,0.50476191,0.894145583,1.149999976
MNG_110,Mid,pebbles,attach,tetrasporophyte,tetrasporophyte,2.86,0.091703428,0.325200302,0.701666928,0.779999971
MNG_111,Mid,pebbles,attach,tetrasporophyte,tetrasporophyte,4.01,0.195253943,0.347671682,1.234762848,0.949999988
MNG_115,Mid,pebbles,attach,tetrasporophyte,tetrasporophyte,5.49,0.176693606,0.382485875,1.216219765,1.74000001
MNG_117,Mid,large_pebbles,attach,tetrasporophyte,tetrasporophyte,6.74,0.229291337,0.403131817,1.425663736,1.950000048
MNG_118,Base,large_pebbles,attach,tetrasporophyte,tetrasporophyte,8.83,0.134321347,0.256551726,1.412366114,0.819999993
MNG_120,top,large_pebbles,attach,tetrasporophyte,tetrasporophyte,2.94,0.111919332,0.313961041,0.630687511,0.610000014
MNG_122,top,stick,attach,tetrasporophyte,tetrasporophyte,3.63,0.065506959,0.252187018,0.67242511,0.560000002
MNG_123,Base,pebbles,attach,putative_tetrasporophyte,tetrasporophyte,3.42,0.904503271,0.813455684,2.284571328,2.170000076
MNG_126,Base,pebbles,attach,tetrasporophyte,tetrasporophyte,4.1,0.353626617,0.467829446,1.383428556,1.590000033
MNG_128,Mid,pebbles,attach,tetrasporophyte,tetrasporophyte,3.13,0.182837551,0.367283939,0.95960135,1.649999976
MNG_130,Base,shell,attach,tetrasporophyte,tetrasporophyte,3.47,0.114855711,0.344686074,0.839743058,1.730000019
MNG_136,Mid,pebbles,attach,tetrasporophyte,tetrasporophyte,5.45,0.545246671,0.457823131,2.325460977,2.089999914
MNG_138,Mid,rock,attach,tetrasporophyte,tetrasporophyte,8.49,0.682682241,0.6202381,3.085779837,2.619999886
MNG_141,Base,pebbles,attach,tetrasporophyte,tetrasporophyte,6.23,0.263346184,0.35517498,1.562062127,1.649999976
MNG_144,Mid,pebbles,attach,tetrasporophyte,tetrasporophyte,2.04,0.07716057,0.351952966,0.454157164,0.889999986
MNG_145A,Mid,pebbles,attach,tetrasporophyte,tetrasporophyte,1.87,0.053960581,0.305831604,0.437191409,0.579999983
MNG_147,Mid,pebbles,attach,tetrasporophyte,tetrasporophyte,3.67,0.108008602,0.300103112,0.847651495,0.879999995
MNG_149,Top,pebbles,attach,tetrasporophyte,tetrasporophyte,1.95,0.285661593,0.72055557,1.107592668,0.720000029
MNG_151,Base,pebbles,attach,tetrasporophyte,tetrasporophyte,8.03,0.143098331,0.317295196,1.40286523,0.670000017
MNG_152,Mid,pebbles,attach,tetrasporophyte,tetrasporophyte,8.22,0.825282987,0.591098748,2.805975721,2.029999971
MNG_155,Mid,pebbles,attach,tetrasporophyte,tetrasporophyte,4.91,0.124435391,0.349302336,0.908093791,1.279999971
MNG_156,Mid,tiny_pebble,attach,putative_tetrasporophyte,tetrasporophyte,6.68,0.270686332,0.414940838,1.686075098,1.970000029
MNG_157,Mid,tiny_pebble,attach,tetrasporophyte,tetrasporophyte,9.72,0.243869207,0.321071214,2.048007015,1.639999986
MNG_158,Base,pebbles,attach,tetrasporophyte,tetrasporophyte,2.24,0.282210975,0.553234504,1.054592187,1.019999981
MOU_02,Mid,rock,attach,vegetative,vegetative,5.83,0.080964887,0.191196697,0.943618795,1.350000024
MOU_13,Base,rock,attach,vegetative,vegetative,9.93,0.113396428,0.1542082,1.482511197,0.689999998
MOU_15,Mid,rock,attach,vegetative,vegetative,5.75,0.22276817,0.278170108,1.51339688,0.920000017
MOU_43,Mid,rock,attach,vegetative,vegetative,2.7,0.006268169,0.069942799,0.185133291,0.439999998
MOU_45,Base,rock,attach,vegetative,vegetative,3.63,0.005077076,0.061176468,0.187240759,0.25999999
MOU_56,Mid,rock,attach,vegetative,vegetative,9.21,0.446099442,0.316220471,2.563658082,1.419999957
MOU_72,Mid,rock,attach,vegetative,vegetative,8.6,0.142764981,0.236289393,1.553281962,0.800000012
MOU_74,Mid,rock,attach,vegetative,vegetative,8.02,0.022058471,0.076101033,0.608648742,0.370000005
MOU_75,Base,oyster,attach,vegetative,vegetative,3.47,0.010377428,0.083015673,0.269362564,0.270000011
MOU_79,Base,rock,attach,vegetative,vegetative,8.03,0.083148486,0.162563134,1.184397584,0.720000029
MOU_81,Base,rock,attach,vegetative,vegetative,4.56,0.009279099,0.086776861,0.288862885,0.170000002
MOU_83,Mid,rock,attach,vegetative,vegetative,7.23,0.051680472,0.14557139,0.834889056,0.430000007
MOU_84,Mid,buried_rock,attach,vegetative,vegetative,12.94,0.125986202,0.146892659,1.852603291,0.839999974
MOU_86,Mid,rock,attach,tetrasporophyte,tetrasporophyte,4.27,0.027960185,0.12681469,0.487456148,0.270000011
MOU_93,Mid,rock,attach,vegetative,vegetative,7.23,0.019630532,0.08607595,0.536977463,0.430000007
NYC_03,Base,pebble,attach,putative_tetrasporophyte,tetrasporophyte,4.68,0.031747342,0.125759413,0.556044072,1.429999948
NYC_06,Base,pebble,attach,tetrasporophyte,tetrasporophyte,4.53,0.14998661,0.272638741,0.976835147,2.539999962
NYC_08,Mid,drift,drift,tetrasporophyte,tetrasporophyte,6.69,0.063072129,0.146314007,0.880129143,1.950000048
NYC_11,Mid,drift,drift,tetrasporophyte,tetrasporophyte,3.83,0.084705794,0.267714846,0.652560468,2.390000105
NYC_13,Mid,drift,drift,tetrasporophyte,tetrasporophyte,6.13,0.188919816,0.266192171,1.28448837,2.119999886
NYC_15,Base,drift,drift,tetrasporophyte,tetrasporophyte,6.33,0.281031462,0.305298989,1.644749909,2.789999962
NYC_21,Mid,drift,drift,putative_tetrasporophyte,tetrasporophyte,9.04,0.127882883,0.187082073,1.410893129,2.799999952
NYC_22,Mid,drift,drift,tetrasporophyte,tetrasporophyte,5.07,0.074193821,0.183980251,0.792900027,1.950000048
NYC_24,Base,pebble,attach,vegetative,vegetative,4.13,0.223652526,0.335200005,1.271847087,1.559999943
NYC_34,Base,drift,drift,tetrasporophyte,tetrasporophyte,6.89,0.168035924,0.294840307,1.122148122,2.950000048
NYC_36,Base,drift,drift,tetrasporophyte,tetrasporophyte,4.86,0.274496352,0.337383553,1.536005299,1.230000019
NYC_39,Base,pebble,attach,tetrasporophyte,tetrasporophyte,11.15,0.41116717,0.377664363,2.11005945,2.930000067
NYC_45,Top,drift,drift,tetrasporophyte,tetrasporophyte,5.19,0.044466807,0.173720142,0.611130447,1.519999981
NYC_56,Base,pebble,attach,tetrasporophyte,tetrasporophyte,4.07,0.069031237,0.184356,0.684884602,1.860000014
NYC_61,Base,drift,drift,tetrasporophyte,tetrasporophyte,6.76,0.272238614,0.317383671,1.540130506,1.950000048
NYC_66,Mid,pebble,attach,tetrasporophyte,tetrasporophyte,9.88,0.052834703,0.133540369,0.979425775,2.170000076
NYC_67,Top,drift,drift,tetrasporophyte,tetrasporophyte,7.82,0.05820553,0.156173345,0.902686174,2.390000105
NYC_68,Mid,drift,drift,tetrasporophyte,tetrasporophyte,4.76,0.117886062,0.237430982,1.004779273,0.920000017
NYC_89,Base,pebble,attach,tetrasporophyte,tetrasporophyte,6.07,0.326245353,0.45705387,1.340361897,3.960000038
NYC_93,Mid,buried,buried,tetrasporophyte,tetrasporophyte,5.21,0.299891465,0.358486241,1.508054911,1.970000029
OSH_09,Base,diopatra,attach,tetrasporophyte,tetrasporophyte,4.45,0.05229104,0.190551187,0.66068435,1.230000019
OSH_100,Mid,diopatra,attach,tetrasporophyte,tetrasporophyte,7.29,0.073303151,0.157365683,1.025758028,1.74000001
OSH_17,Mid,diopatra,attach,tetrasporophyte,tetrasporophyte,2.46,0.047840508,0.223753271,0.473034357,1.230000019
OSH_21,Base,diopatra,attach,tetrasporophyte,tetrasporophyte,2.37,0.042028482,0.21784694,0.422576272,1.159999967
OSH_24,Mid,diopatra,attach,tetrasporophyte,tetrasporophyte,6.2,0.209257352,0.384764669,1.241534508,1.75
OSH_29,Base,diopatra,attach,tetrasporophyte,tetrasporophyte,4.31,0.02614382,0.142968744,0.45028467,1.5
OSH_30,Base,diopatra,attach,tetrasporophyte,tetrasporophyte,6.17,0.064554894,0.166126421,0.8844671,1.399999976
OSH_37,Mid,diopatra,attach,tetrasporophyte,tetrasporophyte,2.61,0.013076292,0.125777601,0.254451049,0.639999986
OSH_38,Mid,diopatra,attach,tetrasporophyte,tetrasporophyte,4.23,0.139740498,0.282073068,0.998405712,1.74000001
OSH_43,Base,diopatra,attach,tetrasporophyte,tetrasporophyte,5.29,0.28777116,0.425342064,1.494063046,0.949999988
OSH_51,Base,diopatra,attach,tetrasporophyte,tetrasporophyte,4.08,0.076431674,0.239658381,0.762388209,1.75
OSH_55,Base,diopatra,attach,putative_tetrasporophyte,tetrasporophyte,7.5,0.022889591,0.097222226,0.554151474,1.169999957
OSH_64,Base,diopatra,attach,tetrasporophyte,tetrasporophyte,6.1,0.111960963,0.225348401,1.131870895,1.919999957
OSH_67,Base,diopatra,attach,tetrasporophyte,tetrasporophyte,6.91,0.044777701,0.150382326,0.735680021,1.460000038
OSH_74,Top,diopatra,attach,putative_tetrasporophyte,tetrasporophyte,3.62,0.082538422,0.22670125,0.758155014,1.639999986
OSH_80,,diopatra,attach,tetrasporophyte,tetrasporophyte,6.39,0.028026521,0.124160347,0.588646872,0.879999995
OSH_83,Mid,diopatra,attach,tetrasporophyte,tetrasporophyte,10.93,0.399845907,0.469455523,2.168763429,2.059999943
OSH_89,Base,diopatra,attach,putative_tetrasporophyte,tetrasporophyte,6.05,0.141283529,0.274816185,1.257206834,1.99000001
OSH_94,Mid,diopatra,attach,tetrasporophyte,tetrasporophyte,5.15,0.02014984,0.098889748,0.447953735,0.660000026
PMO_02,Top,drift_partly_buried,buried,vegetative,vegetative,5.84,0.203575805,0.306534091,1.421325368,1.58
PMO_03,Base,drift_partly_buried,buried,vegetative,vegetative,18.82,0.071955572,0.088492902,1.649429333,0.69
PMO_10,Top,drift_partly_buried,buried,vegetative,vegetative,9.35,0.108769866,0.1953125,1.314762512,0.55
PMO_20,Mid,drift_partly_buried,buried,vegetative,vegetative,15.87,0.133989009,0.134677944,1.949824516,0.48
PMO_25,Top,drift_partly_buried,buried,vegetative,vegetative,7.97,0.040871763,0.105320011,0.783628051,0.64
PMO_28,Mid,drift_partly_buried,buried,vegetative,vegetative,26.58,0.087094751,0.095948827,2.093828649,0.25
PMO_30,Mid,drift_partly_buried,buried,vegetative,vegetative,13.38,0.151641114,0.164913366,1.93083426,0.83
PMO_33,Mid,drift_partly_buried,buried,vegetative,vegetative,13.81,0.04863472,0.095808383,1.127986738,0.61
PMO_35,Top,drift_partly_buried,buried,vegetative,vegetative,28.74,0.231388636,0.135663754,3.538570418,0.49
PMO_58,Base,drift_partly_buried,buried,vegetative,vegetative,10.44,0.246777774,0.242083333,2.03101379,0.97
PMO_60,Base,drift_partly_buried,buried,vegetative,vegetative,3.82,0.005277421,0.054104478,0.201963591,0.12
PMO_77,Base,drift_partly_buried,buried,vegetative,vegetative,6.38,0.436294921,0.426494346,2.406227884,0.68
PMO_79,Mid,drift_partly_buried,buried,vegetative,vegetative,9.03,0.05756753,0.122812135,1.018593622,0.95
PMO_81,Top,drift_partly_buried,buried,vegetative,vegetative,19.14,0.01299182,0.040237769,0.70610929,0.22
PMO_84,Top,drift_partly_buried,buried,vegetative,vegetative,16.4,0.543342974,0.281407035,4.021513064,0.99
PMO_95,Top,drift_partly_buried,buried,vegetative,vegetative,10.43,0.016481111,0.051346274,0.586928845,0.47
PMO_96,Base,drift_partly_buried,buried,vegetative,vegetative,6.14,0.08033343,0.168320762,0.983191343,1.13
PMO_97,Top,drift_partly_buried,buried,vegetative,vegetative,14.4,0.295695864,0.231144343,2.612679456,1.29
PMO_99,Base,drift_partly_buried,buried,vegetative,vegetative,7.44,0.018704737,0.082238721,0.437587781,0.26
PTW_01,Mid,drift,drift,putative_tetrasporophyte,tetrasporophyte,7.09,0.04740006,0.144329896,0.791467194,1.049999952
PTW_03,Base,buried,buried,vegetative,vegetative,10.34,0.059681954,0.113066661,1.096404814,1.75999999
PTW_10,Base,buried,buried,vegetative,vegetative,7.4,0.099029972,0.19470656,1.097479107,1.220000029
PTW_20,Top,drift,drift,vegetative,vegetative,11.98,0.007192777,0.037313433,0.416797703,0.219999999
PTW_22,Mid,drift,drift,vegetative,vegetative,8.71,0.201407742,0.217975204,1.780221333,2.079999924
PTW_23,Top,drift,drift,vegetative,vegetative,6,0.028071647,0.131395348,0.547760418,0.639999986
PTW_26,Top,drift,drift,vegetative,vegetative,7.13,0.053981252,0.133501252,0.821290862,1.299999952
PTW_27,Base,drift,drift,vegetative,vegetative,6.79,0.012386432,0.058091288,0.389964919,0.600000024
PTW_29,Base,buried,buried,vegetative,vegetative,7.29,0.044895204,0.145580589,0.762598033,0.66
PTW_30,Mid,drift,drift,vegetative,vegetative,6.25,0.029835996,0.11761158,0.588842081,0.83
PTW_37,Top,buried,buried,vegetative,vegetative,9.62,0.243825643,0.262948213,1.861181022,2
PTW_38,Mid,buried,buried,vegetative,vegetative,7.42,0.12783437,0.209599448,1.339506099,0.89
PTW_40,Base,buried,buried,vegetative,vegetative,10.9,0.082675772,0.132094259,1.333748927,1.340000033
PTW_42,Base,buried,buried,vegetative,vegetative,12.75,0.31458941,0.249121574,2.66422303,1.24
PTW_49,Mid,buried,buried,vegetative,vegetative,6.79,0.111806466,0.207654726,1.163475572,1.450000048
PTW_60,Top,buried,buried,vegetative,vegetative,12.27,0.263629981,0.220293722,1.948535117,2.390000105
PTW_70,Base,drift,drift,vegetative,vegetative,8.92,0.217513273,0.243612591,1.785072904,2.119999886
PTW_72,Base,buried,buried,vegetative,vegetative,10.62,0.0656194,0.117815576,1.171499534,1.460000038
PTW_75,Base,buried,buried,putative_tetrasporophyte,tetrasporophyte,9.78,0.045733077,0.11172888,0.920569016,1.919999957
RIS_05,Base,pebbles,attach,tetrasporophyte,tetrasporophyte,3.75,0.107511743,0.250897336,0.882192084,1.600000024
RIS_07,Mid,pebbles,attach,tetrasporophyte,tetrasporophyte,5.77,0.20018217,0.298892048,1.441967441,1.629999995
RIS_09,Base,pebbles,attach,tetrasporophyte,tetrasporophyte,3.63,0.101986572,0.25278351,0.805606692,1.019999981
RIS_100,Base,pebble,attach,tetrasporophyte,tetrasporophyte,4.91,0.05144024,0.201720831,0.655542699,0.829999983
RIS_14,Mid,,,tetrasporophyte,tetrasporophyte,5.26,0.151717159,0.251051888,1.183982906,1.77
RIS_19,Base,pebbles,attach,tetrasporophyte,tetrasporophyte,4.61,0.161028384,0.396648036,0.901443678,1.549999952
RIS_21,Top,pebbles,attach,tetrasporophyte,tetrasporophyte,5.37,0.256362958,0.349705299,1.507556628,2
RIS_38,Base,pebble,attach,tetrasporophyte,tetrasporophyte,4.16,0.154324127,0.284714126,1.096664386,1.5
RIS_41,Base,pebble,attach,tetrasporophyte,tetrasporophyte,4.96,0.131020503,0.253987017,1.119880739,1.330000043
RIS_45,Base,pebble,attach,tetrasporophyte,tetrasporophyte,3.91,0.143149349,0.298402251,1.050841823,1.110000014
RIS_50,Base,pebble,attach,tetrasporophyte,tetrasporophyte,6.05,0.085705502,0.215928524,0.91747972,0.649999976
RIS_62,Mid,pebble,attach,tetrasporophyte,tetrasporophyte,4.92,0.20158493,0.330634566,1.368808021,2.450000048
RIS_76,Base,pebble,attach,tetrasporophyte,tetrasporophyte,3.04,0.11150672,0.3006536,0.697833796,2.369999886
RIS_79,Base,pebble,attach,tetrasporophyte,tetrasporophyte,6.51,0.089127109,0.22986425,0.949120937,1.610000014
RIS_81,Base,pebble,attach,tetrasporophyte,tetrasporophyte,4.54,0.086184569,0.212312662,0.886810363,1.25
RIS_88,Top,pebble,attach,tetrasporophyte,tetrasporophyte,4.41,0.09984168,0.229686244,0.925246362,1.190000057
RIS_93,Base,pebble,attach,tetrasporophyte,tetrasporophyte,3.64,0.145418294,0.281539897,0.896929331,1.460000038
RIS_96,Mid,pebble,attach,tetrasporophyte,tetrasporophyte,2.78,0.054772667,0.216312052,0.548249981,0.930000007
RIS_99,Base,pebble,attach,tetrasporophyte,tetrasporophyte,2.78,0.095542142,0.204530309,0.957298444,1.269999981
SAV_06,Top,diopatra,attach,vegetative,vegetative,15.62,0.039348072,0.073461537,1.116627017,0.479999989
SAV_09,Mid,diopatra,attach,vegetative,vegetative,9.75,0.115599014,0.209800472,1.428162127,0.810000002
SAV_10,Base,diopatra,attach,vegetative,vegetative,16.09,0.036315182,0.076729562,1.065181864,0.589999974
SAV_14,Base,diopatra,attach,vegetative,vegetative,11.42,0.046925251,0.117366089,1.011515672,0.810000002
SAV_16,Base,diopatra,attach,vegetative,vegetative,8.3,0.323598101,0.287994199,2.10132846,1.75
SAV_21,Base,diopatra,attach,vegetative,vegetative,10.4,0.085638061,0.165929204,1.294105758,1.120000005
SAV_25,Base,diopatra,attach,vegetative,vegetative,19.3,0.317920028,0.188321532,3.087672195,1.399999976
SAV_28,Base,diopatra,attach,tetrasporophyte,tetrasporophyte,15.11,0.100557622,0.136363641,1.689194118,0.870000005
SAV_33,Top,diopatra,attach,vegetative,vegetative,12.36,0.126766645,0.15162697,1.750918862,1.429999948
SAV_34,Base,diopatra,attach,vegetative,vegetative,8.23,0.042392614,0.108403625,0.828386707,0.860000014
SAV_37,Top,diopatra,attach,vegetative,vegetative,10.42,0.099242969,0.138907169,1.411591692,1.389999986
SAV_38,Top,diopatra,attach,vegetative,vegetative,12.6,0.244326666,0.205221169,2.408439566,1.210000038
SAV_45,Top,diopatra,attach,vegetative,vegetative,9.55,0.218386645,0.220785104,1.943334687,1.649999976
SAV_67,Top,diopatra,attach,vegetative,vegetative,5.2,0.162164723,0.251121077,1.271714151,1.230000019
SAV_75,Base,diopatra,attach,vegetative,vegetative,10.8,0.025467244,0.06916262,0.744611839,0.870000005
SAV_78,Mid,diopatra,attach,vegetative,vegetative,10.91,0.275935471,0.239967245,2.391014524,2.230000019
SAV_80,Base,diopatra,attach,vegetative,vegetative,13.41,0.154473605,0.211824756,1.814456327,2.119999886
SAV_86,Top,diopatra,attach,vegetative,vegetative,4.9,0.009682126,0.063364054,0.304528287,0.349999994
SAV_87,Mid,diopatra,attach,vegetative,vegetative,13.6,0.183548901,0.163209799,2.065112844,2.069999933
SHI_04,Base,hard_rock,attach,tetrasporophyte,tetrasporophyte,11.77,0.014020063,0.056581535,0.561890181,0.209999993
SHI_05,Base,hard_rock,attach,vegetative,vegetative,8.91,0.091099668,0.162830347,1.184508749,0.769999981
SHI_06,Base,pebbles,attach,vegetative,vegetative,10.93,0.109326581,0.147936503,1.572994378,1.309999943
SHI_26,Top,hard_rock,attach,vegetative,vegetative,30.02,0.535960532,0.227272722,5.557810004,2.519999981
SHI_35,Base,drift,drift,vegetative,vegetative,12.25,0.122048944,0.178711488,1.655569371,1.100000024
SHI_47,Top,drift,drift,tetrasporophyte,tetrasporophyte,14.85,0.057049156,0.093474428,1.296498721,0.430000007
SHI_56,Top,hard_rock,attach,tetrasporophyte,tetrasporophyte,7.37,0.259852759,0.280539776,1.716939478,0.819999993
SHI_60,Base,hard_rock,attach,vegetative,vegetative,8.02,0.054909884,0.123976601,0.953760323,0.620000005
SHI_63,Base,hard_rock,attach,tetrasporophyte,tetrasporophyte,12.71,0.859636595,0.420107719,3.942196139,1.559999943
SHI_72,Top,hard_rock,attach,vegetative,vegetative,4.7,0.304734794,0.437722427,1.622110095,0.920000017
SHI_78,Base,hard_rock,attach,vegetative,vegetative,17.15,0.173770904,0.196506545,2.34843137,0.670000017
SHI_89,Base,hard_rock,attach,tetrasporophyte,tetrasporophyte,11.82,0.045582484,0.100282491,1.036347837,0.629999995
SHI_91,Base,hard_rock,attach,tetrasporophyte,tetrasporophyte,8.69,0.104303507,0.299275371,1.156428474,1.019999981
SHI_94,Base,pebbles,attach,tetrasporophyte,tetrasporophyte,6.26,0.034414377,0.118942733,0.668535026,0.819999993
SHI_97,,hard_rock,attach,vegetative,vegetative,4.25,0.027186248,0.149136573,0.489002255,0.709999979
SHK_12,Mid,h_with_sand,attach,tetrasporophyte,tetrasporophyte,16.85,0.523852658,0.329760405,3.669884391,1.179999948
SHK_21,Base,p_with_sand,attach,tetrasporophyte,tetrasporophyte,4.21,0.265495776,0.424101469,1.378537679,0.709999979
SHK_31,Top,h_with_sand,attach,tetrasporophyte,tetrasporophyte,13.36,0.546710254,0.331873621,3.526326369,0.720000029
SHK_47,Top,h_with_sand,attach,tetrasporophyte,tetrasporophyte,5.07,0.226323161,0.363702376,1.414697081,0.860000014
SHK_52,Top,h_with_sand,attach,tetrasporophyte,tetrasporophyte,5.07,0.344619052,0.331054329,2.234222126,0.589999974
SHK_53,Top,p_with_sand,attach,tetrasporophyte,tetrasporophyte,5.7,0.161049862,0.292195306,1.309271071,0.370000005
SHK_67,Top,h_with_sand,attach,tetrasporophyte,tetrasporophyte,4.39,0.21145669,0.345662399,1.171052292,1.610000014
SHK_82,Base,buried,buried,tetrasporophyte,tetrasporophyte,5.89,0.455767837,0.428432321,2.004340324,1.419999957
SHN_103,Base,bedrock,attach,vegetative,vegetative,4.22,0.067379612,0.243697475,0.705198454,0.949999988
SHN_104,Base,bedrock,attach,vegetative,vegetative,3.94,0.071576009,0.295647567,0.727234582,0.949999988
SHN_105,Top,bedrock,attach,vegetative,vegetative,5.81,0.0411228,0.155768802,0.662791555,0.800000012
SHN_110,Mid,bedrock_Tide_pool,attach,tetrasporophyte,tetrasporophyte,7.84,0.083658566,0.235528409,1.011837565,1.669999957
SHN_124,Top,bedrock,attach,vegetative,vegetative,3.9,0.130611662,0.34855306,0.979852901,1.279999971
SHN_131,Mid,bedrock,attach,vegetative,vegetative,4.94,0.098480481,0.296725233,0.949202303,1.019999981
SHN_132,Mid,bedrock,attach,vegetative,vegetative,3.7,0.049534279,0.211647448,0.598604774,1.100000024
SHN_136,Base,bedrock,attach,vegetative,vegetative,3.96,0.055630089,0.192596718,0.645371044,0.670000017
SHN_137,Base,bedrock_Tide_pool,attach,vegetative,vegetative,10.65,0.189636889,0.322102098,1.773589185,2.690000057
SHN_141,Base,bedrock,attach,vegetative,vegetative,3.76,0.175890844,0.417346512,1.111850576,1.429999948
SHN_155,Base,bedrock,attach,vegetative,vegetative,4.79,0.040071948,0.134605729,0.626360472,0.949999988
SHN_164,Base,bedrock,attach,vegetative,vegetative,3.44,0.053021089,0.188976379,0.580990739,0.689999998
SOU_14,Top,buried,buried,putative_tetrasporophyte,tetrasporophyte,4.84,0.237358074,0.329118922,1.416647461,1.419999957
SOU_15,Base,buried,buried,putative_tetrasporophyte,tetrasporophyte,3.35,0.100201484,0.251135619,0.795964381,0.930000007
SOU_27,Mid,pebble,attach,putative_tetrasporophyte,tetrasporophyte,3.95,0.109248578,0.303196812,0.903301873,1.179999948
SOU_32,Mid,pebbles,attach,putative_tetrasporophyte,tetrasporophyte,3.81,0.296886404,0.522655431,1.453852492,1.029999971
SOU_33,Base,pebbles,attach,putative_tetrasporophyte,tetrasporophyte,3.48,0.062499069,0.214195191,0.647052879,0.560000002
SOU_35,Base,pebbles,attach,tetrasporophyte,tetrasporophyte,2.54,0.152645918,0.40571902,0.793716878,1.309999943
SOU_36,,pebble,attach,putative_tetrasporophyte,tetrasporophyte,1.99,0.090932063,0.340687865,0.513648746,1.409999967
SOU_41,Mid,buried,buried,tetrasporophyte,tetrasporophyte,4.13,0.177438278,0.352743572,1.051641429,2.329999924
SOU_43,Base,buried,buried,putative_tetrasporophyte,tetrasporophyte,5.09,0.206633502,0.292772191,1.282477299,2.029999971
SOU_46,Top,buried_attached,buried,tetrasporophyte,tetrasporophyte,2.04,0.122480593,0.404761897,0.71495108,1.179999948
SOU_53,Mid,buried_attached,buried,tetrasporophyte,tetrasporophyte,3.29,0.119345897,0.282111646,0.897875155,0.899999976
SOU_57,Mid,buried_attached,buried,tetrasporophyte,tetrasporophyte,2.22,0.198400604,0.533960999,0.644781857,0.949999988
SOU_60,Mid,drift,drift,tetrasporophyte,tetrasporophyte,3.1,0.138203485,0.351726351,0.880035548,0.649999976
SOU_64,Base,buried_attached,attach,tetrasporophyte,tetrasporophyte,4.88,0.176400128,0.365503074,1.077779901,1.279999971
SOU_78,Mid,buried_attached,attach,tetrasporophyte,tetrasporophyte,3.83,0.022724693,0.135939319,0.400063163,0.379999995
SOU_79,Mid,buried_attached,attach,tetrasporophyte,tetrasporophyte,4.17,0.102211482,0.282478638,0.904748138,0.550000012
SOU_88,Base,buried_attached,attach,putative_tetrasporophyte,tetrasporophyte,7,0.1112983,0.201538467,1.101534203,0.99000001
SOU_90,Base,buried_attached,attach,tetrasporophyte,tetrasporophyte,5.03,0.088916022,0.216257207,0.942496762,0.560000002
SOU_95,Base,buried_attached,attach,putative_tetrasporophyte,tetrasporophyte,2.51,0.142185536,0.414272455,0.794099742,1.169999957
TMB_10,Base,drift,drift,putative_tetrasporophyte,tetrasporophyte,3.03,0.102022511,0.295688381,0.72143508,1.110000014
TMB_11,Mid,drift,drift,vegetative,vegetative,8.2,0.132536529,0.213239132,1.37242085,1.279999971
TMB_13,Top,drift,drift,tetrasporophyte,tetrasporophyte,6.68,0.337560491,0.369558704,1.919358493,1.889999986
TMB_19,Mid,drift,drift,tetrasporophyte,tetrasporophyte,5.32,0.126696006,0.25212986,1.04696511,3.589999914
TMB_20,,drift,drift,tetrasporophyte,tetrasporophyte,3.53,0.089301321,0.236660616,0.684414838,1.409999967
TMB_21,,drift,drift,tetrasporophyte,tetrasporophyte,7.13,0.288280712,0.393772894,1.902401661,1.840000033
TMB_23,Base,pebble,attach,tetrasporophyte,tetrasporophyte,6.67,0.161384172,0.360037128,1.208485044,1.190000057
TMB_27,Base,pebble,attach,tetrasporophyte,tetrasporophyte,3.31,0.049813941,0.20643623,0.509710956,0.540000021
TMB_30,,pebble,attach,tetrasporophyte,tetrasporophyte,3.65,0.066835055,0.238914619,0.644141915,0.340000004
TMB_32,,pebble,attach,tetrasporophyte,tetrasporophyte,2.32,0.01688297,0.177221656,0.243728059,0.239999995
TMB_35,Top,pebble,attach,tetrasporophyte,tetrasporophyte,2.87,0.094829275,0.28683811,0.670252204,0.660000026
TMB_38,Base,pebble,attach,tetrasporophyte,tetrasporophyte,2.05,0.076856375,0.292479771,0.542354826,0.920000017
TMB_39,,pebble,attach,vegetative,vegetative,3.65,0.124966886,0.354415942,0.853048199,0.839999974
TMB_44,Top,pebble,attach,tetrasporophyte,tetrasporophyte,1.4,0.056710098,0.304015299,0.391814041,0.720000029
TMB_55,,pebble,attach,tetrasporophyte,tetrasporophyte,3.22,0.051282777,0.206984448,0.53823278,0.529999971
TMB_65,Bottom,drift,drift,tetrasporophyte,tetrasporophyte,2.45,0.072917392,0.292221963,0.52585062,1.070000052
TMB_67,,drift_buried,buried,tetrasporophyte,tetrasporophyte,10.82,0.183878924,0.210720425,1.777777837,3.140000105
TMB_71,Top,attached,attach,vegetative,vegetative,7.32,0.119066561,0.230229412,1.290686491,1.159999967
TMB_85,Top,drift,drift,tetrasporophyte,tetrasporophyte,4.61,0.241790711,0.352301065,1.486199564,3.779999971
TMB_99,,drift,drift,tetrasporophyte,tetrasporophyte,7.35,0.108008507,0.297838698,1.122148122,2.950000048
UHO_06,Mid,diopatra,attach,tetrasporophyte,tetrasporophyte,5.71,0.085805683,0.218665867,0.924078247,1.169999957
UHO_10,Mid,diopatra,attach,tetrasporophyte,tetrasporophyte,3.16,0.04634597,0.23138708,0.512879014,0.870000005
UHO_100,Mid,diopatra,attach,tetrasporophyte,tetrasporophyte,4.13,0.062935587,0.234697448,0.639405582,1.350000024
UHO_15,Mid,diopatra,attach,tetrasporophyte,tetrasporophyte,4.2,0.105043598,0.246372025,0.840776012,1.149999976
UHO_17,,drift,drift,putative_tetrasporophyte,tetrasporophyte,5.78,0.288419939,0.413302763,1.484434321,1.850000024
UHO_18,Mid,drift,drift,tetrasporophyte,tetrasporophyte,8.68,0.093633263,0.193368447,1.152754617,1.25999999
UHO_22,Mid,buried,buried,putative_tetrasporophyte,tetrasporophyte,6.53,0.171507248,0.269652354,1.352094727,2.549999952
UHO_24,Top,buried,buried,putative_tetrasporophyte,tetrasporophyte,7,0.0334556,0.153928569,0.597946196,0.920000017
UHO_34,Top,drift,drift,tetrasporophyte,tetrasporophyte,4.51,0.117217457,0.245955755,0.886306778,2.329999924
UHO_39,Top,diopatra,attach,tetrasporophyte,tetrasporophyte,4.66,0.117703384,0.34632819,0.871753074,2.710000038
UHO_40,Base,diopatra,attach,tetrasporophyte,tetrasporophyte,4.33,0.073294427,0.199061536,0.757624133,1.970000029
UHO_43,Mid,buried,buried,tetrasporophyte,tetrasporophyte,4.83,0.05581388,0.15441516,0.727344756,1.480000019
UHO_46,Top,drift,drift,putative_tetrasporophyte,tetrasporophyte,6.4,0.100481645,0.20474363,1.107726369,1.149999976
UHO_50,Top,drift,drift,putative_tetrasporophyte,tetrasporophyte,5.74,0.012049224,0.081463413,0.353304129,0.709999979
UHO_79,,drift,drift,tetrasporophyte,tetrasporophyte,3.46,0.072081607,0.237384147,0.679106606,1.029999971
UHO_84,Mid,drift,drift,tetrasporophyte,tetrasporophyte,5.09,0.010026157,0.08421317,0.310603481,0.680000007
UHO_87,,drift,drift,vegetative,vegetative,7.51,0.108669935,0.211134016,1.239235653,1.519999981
USU_114,Mid,oyster,attach,tetrasporophyte,tetrasporophyte,2.45,0.010055732,0.111394553,0.212304665,0.370000005
USU_116,Top,oyster,attach,tetrasporophyte,tetrasporophyte,5.95,0.098626938,0.253990081,1.025688928,1.00999999
USU_118,Base,attached,attach,tetrasporophyte,tetrasporophyte,5.12,0.398160734,0.588235294,1.668124793,3.74000001
USU_149,Mid,attached,attach,tetrasporophyte,tetrasporophyte,2.16,0.03513893,0.338259432,0.362349603,0.639999986
USU_151,Base,attached,attach,putative_tetrasporophyte,tetrasporophyte,5.69,0.129641594,0.262718024,1.195125827,1.610000014
USU_156,Mid,attached,attach,tetrasporophyte,tetrasporophyte,4.65,0.072311751,0.241115916,0.761775582,1.24000001
USU_163,Mid,attached,attach,tetrasporophyte,tetrasporophyte,6.06,0.148253517,0.27055068,1.294843906,3.329999924
USU_168,Mid,attached,attach,tetrasporophyte,tetrasporophyte,3.32,0.111002602,0.313828316,0.821453871,1.820000052
USU_169,Base,attached,attach,tetrasporophyte,tetrasporophyte,4.78,0.139141434,0.289272044,1.086199003,1.970000029
USU_172,Top,attached,attach,tetrasporophyte,tetrasporophyte,3.86,0.247928347,0.377307708,1.267742717,2.910000086
USU_176,Mid,attached,attach,vegetative,vegetative,6.85,0.263062553,0.318377381,1.56925705,2.589999914
USU_181,Base,attached,attach,tetrasporophyte,tetrasporophyte,6.7,0.120292583,0.255931201,1.125418542,2.289999962
USU_182,Mid,attached,attach,tetrasporophyte,tetrasporophyte,3.96,0.120889999,0.340619322,0.915117659,2.200000048
USU_187,Base,attached,attach,putative_tetrasporophyte,tetrasporophyte,5.93,0.154730539,0.26786735,1.296833978,2.170000076
USU_188,Top,attached,attach,tetrasporophyte,tetrasporophyte,2.99,0.044047879,0.2368964,0.468122029,0.709999979
USU_197,Base,attached,attach,tetrasporophyte,tetrasporophyte,6.33,0.063150572,0.265310955,0.784598954,1.190000057
USU_200,Base,attached,attach,tetrasporophyte,tetrasporophyte,8.48,0.102031129,0.245474611,1.107426989,1.929999948
WAJ_122,Top,hard_rock,attach,tetrasporophyte,tetrasporophyte,6.18,0.214125566,0.270361044,1.565165188,1.179999948
WAJ_128,Top,hard_rock,attach,tetrasporophyte,tetrasporophyte,3.54,0.053057272,0.233987614,0.570924486,1.419999957
WAJ_159,Top,hard_rock,attach,tetrasporophyte,tetrasporophyte,3.44,0.171620719,0.338172505,1.061498643,1.220000029
WAJ_177,Top,hard_rock,attach,tetrasporophyte,tetrasporophyte,5.95,1.060005245,0.746879366,2.437021543,1.799999952
WAJ_178,Top,pebbles,attach,tetrasporophyte,tetrasporophyte,6.75,0.457298921,0.461073818,1.939479468,1.100000024
WAJ_187,Top,hard_rock,attach,tetrasporophyte,tetrasporophyte,3.59,0.083726335,0.257816775,0.753778338,1.210000038
WAJ_192,Base,hard_rock,attach,tetrasporophyte,tetrasporophyte,6.16,0.085069399,0.195473251,1.009189373,0.699999988
WWF_04,Top,diopatra,attach,vegetative,vegetative,6.94,0.053714123,0.146686654,0.829156163,1.100000024
WWF_09,Top,drift,drift,vegetative,vegetative,4.73,0.078414862,0.190288714,0.853925839,1.389999986
WWF_100,Top,diopatra,attach,vegetative,vegetative,8.56,0.139724717,0.202145924,1.437455146,1.820000052
WWF_11,Top,drift,drift,vegetative,vegetative,9.08,0.066675445,0.153453693,1.06742003,1.460000038
WWF_13,Top,drift,drift,vegetative,vegetative,8.39,0.111065436,0.195613091,1.34031183,0.910000026
WWF_15,Base,diopatra,attach,vegetative,vegetative,4.52,0.010718507,0.087483176,0.30018978,0.25
WWF_17,Base,diopatra,attach,vegetative,vegetative,6.24,0.154834778,0.276080089,1.377433636,1.429999948
WWF_45,Base,diopatra,attach,vegetative,vegetative,10.09,0.106266342,0.170219065,1.389108204,1.899999976
WWF_50,Base,diopatra,attach,vegetative,vegetative,8.3,0.12062336,0.18301202,1.348026784,1.679999948
WWF_52,Top,diopatra,attach,tetrasporophyte,tetrasporophyte,5.21,0.096043643,0.206166426,0.943618795,1.350000024
WWF_55,Top,buried,buried,vegetative,vegetative,6.11,0.07638347,0.175545858,0.947518004,0.899999976
WWF_58,Top,diopatra,attach,vegetative,vegetative,6.86,0.089026719,0.214566074,0.992137523,1.029999971
WWF_60,Top,diopatra,attach,vegetative,vegetative,6.87,0.045429878,0.148703537,0.69299365,0.850000024
WWF_62,Top,drift,drift,vegetative,vegetative,6.27,0.046344635,0.155323998,0.704461143,0.769999981
WWF_70,Top,diopatra,attach,vegetative,vegetative,8.45,0.212284789,0.252984839,1.771662584,2.069999933
WWF_72,Base,diopatra,attach,vegetative,vegetative,6.98,0.11466767,0.24681269,1.22025108,1.720000029
WWF_82,Base,diopatra,attach,putative_tetrasporophyte,tetrasporophyte,4.42,0.061284145,0.207639931,0.712797861,0.74000001
WWF_86,Top,drift,drift,vegetative,vegetative,6.71,0.135569322,0.297330093,1.255974042,1.149999976
WWF_91,Top,drift,drift,tetrasporophyte,tetrasporophyte,5.43,0.112936958,0.254654641,1.041736405,1.580000043
WWF_95,Top,drift,drift,vegetative,vegetative,7.69,0.200290498,0.272441765,1.574663811,1.779999971